접수번호,법인구분,고유번호,법인명,주식의종류,이름,관계,기초주식수,기초주식지분율,기말주식수,기말주식지분율,비고,보고서연도
20210317000643,Y,00156859,다올투자증권,보통주,이병철,최대주주,"14,093,905",23.37,"14,093,905",23.37,-,2020
20210317000643,Y,00156859,다올투자증권,보통주,최석종,발행회사임원,"40,000",0.07,"95,000",0.16,-,2020
20210317000643,Y,00156859,다올투자증권,보통주,김형남,발행회사임원,0,0.00,"70,000",0.12,-,2020
20210317000643,Y,00156859,다올투자증권,보통주,이창근,계열사임원,"28,000",0.05,"38,000",0.06,-,2020
20210317000643,Y,00156859,다올투자증권,보통주,신진호,계열사임원,"25,000",0.04,"25,000",0.04,-,2020
20210317000643,Y,00156859,다올투자증권,보통주,김태우,계열사임원,0,0.00,"10,000",0.02,-,2020
20210317000643,Y,00156859,다올투자증권,보통주,안태우,계열사임원,0,0.00,"30,000",0.05,-,2020
20210317000643,Y,00156859,다올투자증권,보통주,김정수,계열사임원,0,0.00,"10,000",0.02,-,2020
20210317000643,Y,00156859,다올투자증권,보통주,정기승,계열사임원,0,0.00,"10,000",0.02,-,2020
20210317000643,Y,00156859,다올투자증권,보통주,계,,"14,186,905",23.52,"14,381,905",23.85,-,2020
20210317000643,Y,00156859,다올투자증권,우선주,계,,-,-,-,-,-,2020
20220316000897,Y,00156859,다올투자증권,보통주,이병철,최대주주,"14,093,905",23.37,"15,093,905",25.03,-,2021
20220316000897,Y,00156859,다올투자증권,보통주,양병삼,계열사임원,0,0.00,"15,000",0.02,계열사임원 선임,2021
20220316000897,Y,00156859,다올투자증권,보통주,정기승,계열사임원,"10,000",0.02,0,0.00,계열사임원 제외,2021
20220316000897,Y,00156859,다올투자증권,보통주,최석종,발행회사임원,"95,000",0.16,"115,000",0.19,-,2021
20220316000897,Y,00156859,다올투자증권,보통주,이창근,발행회사임원,"38,000",0.06,"38,000",0.06,-,2021
20220316000897,Y,00156859,다올투자증권,보통주,김형남,발행회사임원,"70,000",0.12,"75,159",0.12,-,2021
20220316000897,Y,00156859,다올투자증권,보통주,신진호,계열사임원,"25,000",0.04,"25,000",0.04,-,2021
20220316000897,Y,00156859,다올투자증권,보통주,황준호,계열사임원,0,0.00,"10,000",0.02,계열사임원 선임,2021
20220316000897,Y,00156859,다올투자증권,보통주,김태우,계열사임원,"10,000",0.02,"10,000",0.02,-,2021
20220316000897,Y,00156859,다올투자증권,보통주,안태우,계열사임원,"30,000",0.05,"30,000",0.05,-,2021
20220316000897,Y,00156859,다올투자증권,보통주,김정수,계열사임원,"10,000",0.02,"10,000",0.02,-,2021
20220316000897,Y,00156859,다올투자증권,보통주,계,,"14,381,905",23.85,"15,422,064",25.57,-,2021
20220316000897,Y,00156859,다올투자증권,우선주,계,,-,-,-,-,-,2021
20230316000958,Y,00156859,다올투자증권,보통주,이병철,최대주주,"15,093,905",25.03,"15,117,755",25.07,-,2022
20230316000958,Y,00156859,다올투자증권,보통주,양병삼,계열사임원,"15,000",0.02,"21,470",0.04,-,2022
20230316000958,Y,00156859,다올투자증권,보통주,전수광,계열사임원,0,0.00,"2,265",0.00,-,2022
20230316000958,Y,00156859,다올투자증권,보통주,남윤근,계열사임원,0,0.00,"5,000",0.01,-,2022
20230316000958,Y,00156859,다올투자증권,보통주,최석종,발행회사임원,"115,000",0.19,"160,000",0.27,-,2022
20230316000958,Y,00156859,다올투자증권,보통주,이창근,발행회사임원,"38,000",0.06,"43,266",0.07,-,2022
20230316000958,Y,00156859,다올투자증권,보통주,김형남,발행회사임원,"75,159",0.12,"120,336",0.20,-,2022
20230316000958,Y,00156859,다올투자증권,보통주,신진호,계열사임원,"25,000",0.04,"25,000",0.04,-,2022
20230316000958,Y,00156859,다올투자증권,보통주,황준호,계열사임원,"10,000",0.02,"12,385",0.02,-,2022
20230316000958,Y,00156859,다올투자증권,보통주,김태우,계열사임원,"10,000",0.02,"10,000",0.02,-,2022
20230316000958,Y,00156859,다올투자증권,보통주,안태우,계열사임원,"30,000",0.05,"33,319",0.06,-,2022
20230316000958,Y,00156859,다올투자증권,보통주,김정수,계열사임원,"10,000",0.02,"13,319",0.02,-,2022
20230316000958,Y,00156859,다올투자증권,보통주,계,,"15,422,064",25.57,"15,564,115",25.81,-,2022
20230316000958,Y,00156859,다올투자증권,우선주,계,,-,-,-,-,-,2022
20210324000823,K,00238782,다우데이타,보통주,김익래,본인,"15,566,105",40.64,"13,326,105",34.79,-,2020
20210324000823,K,00238782,다우데이타,보통주,㈜이머니,계열사,"8,530,561",22.27,"10,936,439",28.55,-,2020
20210324000823,K,00238782,다우데이타,보통주,김동준,친인척,"1,300,000",3.39,"1,300,000",3.39,-,2020
20210324000823,K,00238782,다우데이타,보통주,김용래,친인척,"141,900",0.37,"141,900",0.37,-,2020
20210324000823,K,00238782,다우데이타,보통주,김형주,친인척,"48,120",0.13,"30,388",0.08,-,2020
20210324000823,K,00238782,다우데이타,보통주,김동섭,친인척,"5,000",0.01,"5,000",0.01,-,2020
20210324000823,K,00238782,다우데이타,보통주,이진환,계열사임원,0,0.00,"54,202",0.14,계열사 임원 신규 선임,2020
20210324000823,K,00238782,다우데이타,보통주,계,,"25,591,686",66.81,"25,794,034",67.33,-,2020
20210324000823,K,00238782,다우데이타,-,계,,-,-,-,-,-,2020
20220324000790,K,00238782,다우데이타,보통주,㈜이머니,최대주주,"10,936,439",28.55,"12,086,439",31.56,-,2021
20220324000790,K,00238782,다우데이타,보통주,김동섭,친인척,"5,000",0.01,0,0.00,주1),2021
20220324000790,K,00238782,다우데이타,보통주,김익래,계열사임원,"13,326,105",34.79,"10,176,105",26.57,-,2021
20220324000790,K,00238782,다우데이타,보통주,김동준,친인척,"1,300,000",3.39,"2,500,000",6.53,증여,2021
20220324000790,K,00238782,다우데이타,보통주,김진현,친인척,0,0.00,"400,000",1.04,증여,2021
20220324000790,K,00238782,다우데이타,보통주,김진이,친인척,0,0.00,"400,000",1.04,증여,2021
20220324000790,K,00238782,다우데이타,보통주,김용래,친인척,"141,900",0.37,0,0.00,주1),2021
20220324000790,K,00238782,다우데이타,보통주,양일홍,계열사임원,0,0.00,"33,961",0.09,계열사 임원 신규 선임,2021
20220324000790,K,00238782,다우데이타,보통주,이진환,계열사임원,"54,202",0.14,"54,202",0.14,-,2021
20220324000790,K,00238782,다우데이타,보통주,김형주,친인척,"30,388",0.08,"30,388",0.08,-,2021
20220324000790,K,00238782,다우데이타,보통주,계,,"25,794,034",67.33,"25,681,095",67.05,-,2021
20220324000790,K,00238782,다우데이타,-,계,,-,-,-,-,-,2021
20230322001218,K,00238782,다우데이타,보통주,이머니,최대주주,"12,086,439",31.56,"12,086,439",31.56,-,2022
20230322001218,K,00238782,다우데이타,보통주,김익래,임원,"10,176,105",26.57,"10,210,960",26.66,장내매수,2022
20230322001218,K,00238782,다우데이타,보통주,김동준,친인척,"2,500,000",6.53,"2,500,000",6.53,-,2022
20230322001218,K,00238782,다우데이타,보통주,김진현,친인척,"400,000",1.04,"400,000",1.04,-,2022
20230322001218,K,00238782,다우데이타,보통주,김진이,친인척,"400,000",1.04,"400,000",1.04,-,2022
20230322001218,K,00238782,다우데이타,보통주,양일홍,계열사임원,"33,961",0.09,"33,961",0.09,-,2022
20230322001218,K,00238782,다우데이타,보통주,이진환,계열사임원,"54,202",0.14,"26,691",0.07,장내매도,2022
20230322001218,K,00238782,다우데이타,보통주,김형주,친인척,"30,388",0.08,"30,388",0.08,-,2022
20230322001218,K,00238782,다우데이타,보통주,계,,"25,681,095",67.05,"25,688,439",67.07,-,2022
20230322001218,K,00238782,다우데이타,-,계,,-,-,-,-,-,2022
20210317000735,Y,00131850,SK증권,보통주,"제이앤더블유 비아이지
유한회사","최대주주
본인","92,609,439",19.60,"92,609,439",19.60,-,2020
20210317000735,Y,00131850,SK증권,우선주,"제이앤더블유 비아이지
유한회사","최대주주
본인",0,0.00,0,0.00,-,2020
20210317000735,Y,00131850,SK증권,보통주,계,,"92,609,439",19.60,"92,609,439",19.60,-,2020
20210317000735,Y,00131850,SK증권,우선주,계,,0,0.00,0,0.00,-,2020
20210317000735,Y,00131850,SK증권,합  계,계,,"92,609,439",19.44,"92,609,439",19.44,-,2020
20220316001039,Y,00131850,SK증권,보통주,제이앤더블유 비아이지 유한회사,최대주주본인,"92,609,439",19.60,"92,609,439",19.60,-,2021
20220316001039,Y,00131850,SK증권,우선주,제이앤더블유 비아이지 유한회사,최대주주본인,0,0.00,0,0.00,-,2021
20220316001039,Y,00131850,SK증권,보통주,계,,"92,609,439",19.60,"92,609,439",19.60,-,2021
20220316001039,Y,00131850,SK증권,우선주,계,,0,0.00,0,0.00,-,2021
20220316001039,Y,00131850,SK증권,합  계,계,,"92,609,439",19.44,"92,609,439",19.44,-,2021
20230324000127,Y,00131850,SK증권,보통주,제이앤더블유 비아이지 유한회사,최대주주본인,"92,609,439",19.60,"92,609,439",19.60,-,2022
20230324000127,Y,00131850,SK증권,우선주,제이앤더블유 비아이지 유한회사,최대주주본인,0,0.00,0,0.00,-,2022
20230324000127,Y,00131850,SK증권,보통주,계,,"92,609,439",19.60,"92,609,439",19.60,-,2022
20230324000127,Y,00131850,SK증권,우선주,계,,-,-,-,-,-,2022
20230324000127,Y,00131850,SK증권,합  계,계,,"92,609,439",19.44,"92,609,439",19.44,-,2022
20210318001059,Y,00860332,메리츠금융지주,보통주,조정호,최대주주 본인,"96,714,384",68.97,"96,714,384",72.17,-,2020
20210318001059,Y,00860332,메리츠금융지주,보통주,조효재,혈족1촌,"68,523",0.05,"68,523",0.05,-,2020
20210318001059,Y,00860332,메리츠금융지주,보통주,김용범,임원,"40,000",0.03,"40,000",0.03,-,2020
20210318001059,Y,00860332,메리츠금융지주,보통주,이상훈,임원,0,0.00,296,0.00,-,2020
20210318001059,Y,00860332,메리츠금융지주,보통주,이범진,계열사임원,"6,283",0.00,"6,283",0.00,-,2020
20210318001059,Y,00860332,메리츠금융지주,보통주,계,,"96,829,190",69.05,"96,829,486",72.25,-,2020
20210318001059,Y,00860332,메리츠금융지주,-,계,,-,-,-,-,-,2020
20221130001331,Y,00860332,메리츠금융지주,보통주,조정호,최대주주 본인,"96,714,384",72.17,"96,714,384",72.17,-,2021
20221130001331,Y,00860332,메리츠금융지주,보통주,조효재,혈족1촌,"68,523",0.05,"68,523",0.05,-,2021
20221130001331,Y,00860332,메리츠금융지주,보통주,김용범,임원,"40,000",0.03,"40,000",0.03,-,2021
20221130001331,Y,00860332,메리츠금융지주,보통주,이상훈,임원,296,0.00,0,0.00,-,2021
20221130001331,Y,00860332,메리츠금융지주,보통주,이범진,계열사임원,"6,283",0.00,"6,283",0.00,-,2021
20221130001331,Y,00860332,메리츠금융지주,보통주,차희준,계열사임원,0,0.00,"3,070",0.00,-,2021
20221130001331,Y,00860332,메리츠금융지주,보통주,계,,"96,829,486",72.25,"96,832,260",72.26,-,2021
20221130001331,Y,00860332,메리츠금융지주,-,계,,-,-,-,-,-,2021
20230309000894,Y,00860332,메리츠금융지주,보통주,조정호,최대주주 본인,"96,714,384",72.17,"96,714,384",75.81,-,2022
20230309000894,Y,00860332,메리츠금융지주,보통주,조효재,혈족1촌,"68,523",0.05,"68,523",0.05,-,2022
20230309000894,Y,00860332,메리츠금융지주,보통주,김용범,임원,"40,000",0.03,"40,000",0.03,-,2022
20230309000894,Y,00860332,메리츠금융지주,보통주,이범진,계열사임원,"6,283",0.00,"6,283",0.00,-,2022
20230309000894,Y,00860332,메리츠금융지주,보통주,차희준,계열사임원,"3,070",0.00,"3,070",0.00,-,2022
20230309000894,Y,00860332,메리츠금융지주,보통주,계,,"96,832,260",72.25,"96,832,260",75.90,-,2022
20230309000894,Y,00860332,메리츠금융지주,-,계,,-,-,-,-,-,2022
20210317000233,Y,00120182,NH투자증권,보통주,농협금융지주,최대주주,"138,195,501",49.11,"138,195,501",49.11,-,2020
20210317000233,Y,00120182,NH투자증권,보통주,정영채,특수관계인,"11,697",0.00,"16,697",0.01,"장내매수
(금융위원회 법령해석에 따라 
우리사주조합의 조합원계정 주식을
소유에서 제외)",2020
20210317000233,Y,00120182,NH투자증권,보통주,한태동,특수관계인,0,0.00,"5,700",0.00,장내매수,2020
20210317000233,Y,00120182,NH투자증권,보통주,임승한,특수관계인,0,0.00,500,0.00,장내매수,2020
20210317000233,Y,00120182,NH투자증권,보통주,임성훈,특수관계인,0,0.00,500,0.00,장내매수,2020
20210317000233,Y,00120182,NH투자증권,보통주,계,,"138,207,198",49.11,"138,218,898",49.12,-,2020
20210317000233,Y,00120182,NH투자증권,종류주식,계,,0,0.00,0,0.00,-,2020
20220315000644,Y,00120182,NH투자증권,보통주,농협금융지주,최대주주,"138,195,501",49.11,"153,820,501",51.79,유상증자(제3자 배정),2021
20220315000644,Y,00120182,NH투자증권,보통주,정영채,특수관계인,"16,697",0.01,"16,697",0.01,"금융위원회 법령해석에 따라 
우리사주조합의 조합원계정 주식을
소유에서 제외",2021
20220315000644,Y,00120182,NH투자증권,보통주,한태동,특수관계인,"5,700",0.00,0,0.00,임원퇴임,2021
20220315000644,Y,00120182,NH투자증권,보통주,임승한,특수관계인,500,0.00,0,0.00,장내매도,2021
20220315000644,Y,00120182,NH투자증권,보통주,임성훈,특수관계인,500,0.00,500,0.00,-,2021
20220315000644,Y,00120182,NH투자증권,보통주,계,,"138,218,898",49.12,"153,837,698",51.79,-,2021
20220315000644,Y,00120182,NH투자증권,종류주식,계,,0,0.00,0,0.00,-,2021
20230315000964,Y,00120182,NH투자증권,보통주,농협금융지주,최대주주,"153,820,501",51.79,"188,452,535",56.82,유상증자(제3자 배정),2022
20230315000964,Y,00120182,NH투자증권,보통주,정영채,계열사임원,"16,697",0.01,"16,697",0.01,"금융위원회 법령해석에 따라 
우리사주조합의 조합원계정 주식을
소유에서 제외",2022
20230315000964,Y,00120182,NH투자증권,보통주,임성훈,계열사임원,500,0.00,500,0.00,-,2022
20230315000964,Y,00120182,NH투자증권,보통주,조재호,계열사임원,0,0.00,"1,000",0.00,장내매수,2022
20230315000964,Y,00120182,NH투자증권,보통주,이태식,계열사임원,0,0.00,5,0.00,장내매수,2022
20230315000964,Y,00120182,NH투자증권,보통주,김경호,계열사임원,0,0.00,"8,356",0.00,신규선임,2022
20230315000964,Y,00120182,NH투자증권,보통주,강혜정,계열사임원,0,0.00,850,0.00,신규선임,2022
20230315000964,Y,00120182,NH투자증권,보통주,명재완,계열사임원,0,0.00,50,0.00,신규선임,2022
20230315000964,Y,00120182,NH투자증권,보통주,안현실,계열사임원,0,0.00,1,0.00,장내매수,2022
20230315000964,Y,00120182,NH투자증권,보통주,계,,"153,837,698",51.79,"188,479,994",56.83,-,2022
20230315000964,Y,00120182,NH투자증권,우선주,계,,0,0.00,0,0.00,-,2022
20210318000657,Y,00432102,한국금융지주,보통주,김남구,최대주주 본인,"11,271,636",20.23,"11,534,636",20.70,-,2020
20210318000657,Y,00432102,한국금융지주,보통주,이강행,임원,0,0.00,"3,000",0.01,-,2020
20210318000657,Y,00432102,한국금융지주,보통주,계,,"11,271,636",20.23,"11,537,636",20.70,-,2020
20210318000657,Y,00432102,한국금융지주,종류주식,계,,0,0.00,0,0.00,-,2020
20220317000665,Y,00432102,한국금융지주,보통주,김남구,최대주주 본인,"11,534,636",20.70,"11,534,636",20.70,-,2021
20220317000665,Y,00432102,한국금융지주,보통주,이강행,임원,"3,000",0.01,"3,000",0.01,-,2021
20220317000665,Y,00432102,한국금융지주,보통주,계,,"11,537,636",20.70,"11,537,636",20.70,-,2021
20220317000665,Y,00432102,한국금융지주,종류주식,계,,-,-,-,-,-,2021
20230316000852,Y,00432102,한국금융지주,보통주,김남구,최대주주 본인,"11,534,636",20.70,"11,534,636",20.70,-,2022
20230316000852,Y,00432102,한국금융지주,보통주,이강행,임원,"3,000",0.01,0,0.00,"특수관계인 제외
(2022.03.25)",2022
20230316000852,Y,00432102,한국금융지주,보통주,계,,"11,537,636",20.70,"11,534,636",20.70,-,2022
20230316000852,Y,00432102,한국금융지주,종류주식,계,,-,-,-,-,-,2022
20210324000853,Y,00176914,다우기술,보통주,(주)다우데이타,본인,"19,058,100",42.48,"20,278,000",45.20,장내매수,2020
20210324000853,Y,00176914,다우기술,보통주,(주)이머니,계열사,"162,400",0.36,"162,400",0.36,-,2020
20210324000853,Y,00176914,다우기술,보통주,김익래,계열사 임원,"449,379",1.00,"449,379",1.00,-,2020
20210324000853,Y,00176914,다우기술,보통주,김영훈,계열사 임원,413,0.00,0,0.00,장내매도,2020
20210324000853,Y,00176914,다우기술,보통주,김형주,기타,"40,000",0.09,"40,000",0.09,-,2020
20210324000853,Y,00176914,다우기술,보통주,김윤덕,계열사 임원,"17,000",0.04,"17,000",0.04,-,2020
20210324000853,Y,00176914,다우기술,보통주,정래현,계열사 임원,"10,000",0.02,"10,000",0.02,-,2020
20210324000853,Y,00176914,다우기술,보통주,김재철,계열사 임원,"20,000",0.04,0,0.00,특수관계자 제외,2020
20210324000853,Y,00176914,다우기술,보통주,신상범,계열사 임원,"5,000",0.01,"5,000",0.01,-,2020
20210324000853,Y,00176914,다우기술,보통주,계,,"19,762,292",44.05,"20,961,779",46.72,-,2020
20210324000853,Y,00176914,다우기술,-,계,,-,-,-,-,-,2020
20220324000698,Y,00176914,다우기술,보통주,(주)다우데이타,본인,"20,278,000",45.20,"20,278,000",45.20,-,2021
20220324000698,Y,00176914,다우기술,보통주,(주)이머니,계열사,"162,400",0.36,"162,400",0.36,-,2021
20220324000698,Y,00176914,다우기술,보통주,김익래,계열사 임원,"449,379",1.00,"449,379",1.00,-,2021
20220324000698,Y,00176914,다우기술,보통주,김형주,기타,"40,000",0.09,"40,000",0.09,-,2021
20220324000698,Y,00176914,다우기술,보통주,김윤덕,계열사 임원,"17,000",0.04,"17,000",0.04,-,2021
20220324000698,Y,00176914,다우기술,보통주,정래현,계열사 임원,"10,000",0.02,"10,000",0.02,-,2021
20220324000698,Y,00176914,다우기술,보통주,신상범,계열사 임원,"5,000",0.01,"5,000",0.01,-,2021
20220324000698,Y,00176914,다우기술,보통주,김문기,계열사 임원,0,0.00,"6,604",0.02,신규선임,2021
20220324000698,Y,00176914,다우기술,보통주,양일홍,계열사 임원,0,0.00,"22,500",0.05,신규보고,2021
20220324000698,Y,00176914,다우기술,보통주,계,,"20,961,779",46.72,"20,990,883",46.79,-,2021
20220324000698,Y,00176914,다우기술,-,계,,-,-,-,-,-,2021
20230321001409,Y,00176914,다우기술,보통주,(주)다우데이타,본인,"20,278,000",45.20,"20,278,000",45.20,-,2022
20230321001409,Y,00176914,다우기술,보통주,(주)이머니,계열사,"162,400",0.36,"343,000",0.76,장내매수,2022
20230321001409,Y,00176914,다우기술,보통주,김익래,계열사 임원,"449,379",1.00,"498,670",1.11,장내매수,2022
20230321001409,Y,00176914,다우기술,보통주,김형주,기타,"40,000",0.09,"40,000",0.09,-,2022
20230321001409,Y,00176914,다우기술,보통주,김윤덕,계열사 임원,"17,000",0.04,"17,000",0.04,-,2022
20230321001409,Y,00176914,다우기술,보통주,정래현,계열사 임원,"10,000",0.02,"10,000",0.02,-,2022
20230321001409,Y,00176914,다우기술,보통주,신상범,계열사 임원,"5,000",0.01,"5,000",0.01,-,2022
20230321001409,Y,00176914,다우기술,보통주,김문기,계열사 임원,"6,604",0.02,"6,604",0.02,-,2022
20230321001409,Y,00176914,다우기술,보통주,양일홍,계열사 임원,"22,500",0.05,"22,500",0.05,-,2022
20230321001409,Y,00176914,다우기술,보통주,계,,"20,990,883",46.79,"21,220,774",47.30,-,2022
20230321001409,Y,00176914,다우기술,-,계,,-,-,-,-,-,2022
20210311001204,Y,00110893,대신증권,보통주,양홍석,본인,"3,976,804",7.83,"4,610,498",9.08,*시장매입 이연성과급,2020
20210311001204,Y,00110893,대신증권,보통주,안경환,특수관계인,"6,886",0.01,"6,886",0.01,-,2020
20210311001204,Y,00110893,대신증권,보통주,오익근,특수관계인,0,0.00,"13,788",0.03,*이연성과급,2020
20210311001204,Y,00110893,대신증권,보통주,"대신송촌
문화재단",특수관계인,"665,696",1.31,"665,696",1.31,-,2020
20210311001204,Y,00110893,대신증권,우선주,"대신송촌
문화재단",특수관계인,"1,384,624",3.85,"1,384,624",3.85,-,2020
20210311001204,Y,00110893,대신증권,우선주,양홍석,본인,130,0.00,130,0.00,-,2020
20210311001204,Y,00110893,대신증권,보통주,이어룡,특수관계인,"1,047,899",2.06,"1,105,633",2.18,*이연성과급,2020
20210311001204,Y,00110893,대신증권,보통주,양정연,특수관계인,"543,190",1.07,"621,453",1.22,*시장매입,2020
20210311001204,Y,00110893,대신증권,보통주,양승주,특수관계인,0,0.00,"40,000",0.08,*시장매입,2020
20210311001204,Y,00110893,대신증권,보통주,양회금,특수관계인,"2,072",0.00,"2,072",0.00,-,2020
20210311001204,Y,00110893,대신증권,우선주,양회금,특수관계인,"2,245",0.01,"2,245",0.01,-,2020
20210311001204,Y,00110893,대신증권,보통주,노정남,특수관계인,"40,737",0.08,"40,737",0.08,-,2020
20210311001204,Y,00110893,대신증권,우선주,노정남,특수관계인,"1,733",0.00,"1,733",0.00,-,2020
20210311001204,Y,00110893,대신증권,보통주,계,,"6,283,284",12.38,"7,106,763",14.00,-,2020
20210311001204,Y,00110893,대신증권,우선주,계,,"1,388,732",3.86,"1,388,732",3.86,-,2020
20220516001812,Y,00110893,대신증권,보통주,양홍석,본인,"4,610,498",9.08,"4,985,667",9.82,"*시장매입
*이연성과급",2021
20220516001812,Y,00110893,대신증권,보통주,안경환,특수관계인,"6,886",0.01,"3,500",0.01,-,2021
20220516001812,Y,00110893,대신증권,보통주,오익근,특수관계인,"13,788",0.03,"32,846",0.06,*이연성과급,2021
20220516001812,Y,00110893,대신증권,보통주,"대신송촌
문화재단",특수관계인,"665,696",1.31,"717,206",1.41,*수증,2021
20220516001812,Y,00110893,대신증권,우선주,"대신송촌
문화재단",특수관계인,"1,384,624",3.85,"1,384,624",3.85,-,2021
20220516001812,Y,00110893,대신증권,우선주,양홍석,본인,130,0.00,130,0.00,-,2021
20220516001812,Y,00110893,대신증권,보통주,이어룡,특수관계인,"1,105,633",2.18,"1,198,371",2.36,*이연성과급,2021
20220516001812,Y,00110893,대신증권,보통주,양정연,특수관계인,"621,453",1.22,"621,453",1.22,-,2021
20220516001812,Y,00110893,대신증권,보통주,양승주,특수관계인,"40,000",0.08,"90,000",0.18,*시장매입,2021
20220516001812,Y,00110893,대신증권,보통주,양회금,특수관계인,"2,072",0.00,"2,072",0.00,-,2021
20220516001812,Y,00110893,대신증권,우선주,양회금,특수관계인,"2,245",0.01,"2,245",0.01,-,2021
20220516001812,Y,00110893,대신증권,보통주,노정남,특수관계인,"40,737",0.08,"40,737",0.08,-,2021
20220516001812,Y,00110893,대신증권,우선주,노정남,특수관계인,"1,733",0.00,"1,733",0.00,-,2021
20220516001812,Y,00110893,대신증권,보통주,계,,"7,106,763",14.00,"7,691,852",15.15,-,2021
20220516001812,Y,00110893,대신증권,우선주,계,,"1,388,732",3.86,"1,388,732",3.86,-,2021
20230316001545,Y,00110893,대신증권,보통주,양홍석,본인,"4,985,667",9.82,"5,175,034",10.19,"*시장매입
*자사주성과급",2022
20230316001545,Y,00110893,대신증권,우선주,양회금,특수관계인,"2,245",0.01,"2,245",0.01,-,2022
20230316001545,Y,00110893,대신증권,보통주,노정남,특수관계인,"40,737",0.08,"40,737",0.08,-,2022
20230316001545,Y,00110893,대신증권,우선주,노정남,특수관계인,"1,733",0.00,"1,733",0.00,-,2022
20230316001545,Y,00110893,대신증권,보통주,안경환,특수관계인,"3,500",0.01,0,0.00,*시장매도,2022
20230316001545,Y,00110893,대신증권,보통주,오익근,특수관계인,"32,846",0.06,"73,785",0.15,*자사주성과급,2022
20230316001545,Y,00110893,대신증권,보통주,"대신송촌
문화재단",특수관계인,"717,206",1.41,"717,206",1.41,-,2022
20230316001545,Y,00110893,대신증권,우선주,"대신송촌
문화재단",특수관계인,"1,384,624",3.85,"1,384,624",3.85,-,2022
20230316001545,Y,00110893,대신증권,우선주,양홍석,본인,130,0.00,130,0.00,-,2022
20230316001545,Y,00110893,대신증권,보통주,이어룡,특수관계인,"1,198,371",2.36,"1,271,697",2.50,*자사주성과급,2022
20230316001545,Y,00110893,대신증권,보통주,양정연,특수관계인,"621,453",1.22,"639,753",1.26,*시장매입,2022
20230316001545,Y,00110893,대신증권,보통주,양승주,특수관계인,"90,000",0.18,"98,800",0.19,*시장매입,2022
20230316001545,Y,00110893,대신증권,보통주,양채유,특수관계인,0,0.00,"32,637",0.06,*시장매입,2022
20230316001545,Y,00110893,대신증권,보통주,양채린,특수관계인,0,0.00,"32,132",0.06,*시장매입,2022
20230316001545,Y,00110893,대신증권,보통주,홍승우,특수관계인,0,0.00,"24,100",0.05,*시장매입,2022
20230316001545,Y,00110893,대신증권,보통주,양회금,특수관계인,"2,072",0.00,"2,072",0.00,-,2022
20230316001545,Y,00110893,대신증권,보통주,계,,"7,691,852",15.15,"8,107,953",15.97,-,2022
20230316001545,Y,00110893,대신증권,우선주,계,,"1,388,732",3.86,"1,388,732",3.86,-,2022
20210318000778,Y,00117601,유안타증권,보통주, Yuanta Securities Asia Financial Services Limited,본 인,"110,482,077",55.35,"114,558,276",57.39,최대주주,2020
20210318000778,Y,00117601,유안타증권,보통주,황웨이청,발행회사 임원,"79,354",0.04,"79,354",0.04,등기임원(기타비상무이사),2020
20210318000778,Y,00117601,유안타증권,보통주,서명석,-,"101,426",0.05,0,0.00,퇴임에 따른 특수관계인 제외,2020
20210318000778,Y,00117601,유안타증권,보통주,권성철,-,400,0.00,0,0.00,퇴임에 따른 특수관계인 제외,2020
20210318000778,Y,00117601,유안타증권,보통주,계,,"110,663,257",55.44,"114,637,630",57.43,-,2020
20210318000778,Y,00117601,유안타증권,우선주,계,,-,-,-,-,-,2020
20220317000941,Y,00117601,유안타증권,보통주," Y
uanta Securities Asia Financial Services Private Limited",본 인,"114,558,276",57.39,"114,558,276",57.39,최대주주,2021
20220317000941,Y,00117601,유안타증권,보통주,황웨이청,발행회사 임원,"79,354",0.04,"79,354",0.04,등기임원(기타비상무이사),2021
20220317000941,Y,00117601,유안타증권,보통주,계,,"114,637,630",57.43,"114,637,630",57.43,-,2021
20220317000941,Y,00117601,유안타증권,우선주,계,,-,-,-,-,-,2021
20230314000094,Y,00117601,유안타증권,보통주, Yuanta Securities Asia Financial Services Private Limited,본 인,"114,558,276",57.39,"115,504,369",57.87,최대주주 / 장내매수,2022
20230314000094,Y,00117601,유안타증권,보통주,황웨이청,발행회사 임원,"79,354",0.04,"79,354",0.04,등기임원(기타비상무이사),2022
20230314000094,Y,00117601,유안타증권,보통주,계,,"114,637,630",57.43,"115,583,723",57.91,-,2022
20230314000094,Y,00117601,유안타증권,우선주,계,,-,-,-,-,-,2022
20210311001118,Y,00104856,삼성증권,보통주,삼성생명보험,최대주주,"26,246,112",29.39,"26,246,112",29.39,-,2020
20210311001118,Y,00104856,삼성증권,보통주,"삼성생명보험
(특별계정)",최대주주,"120,269",0.13,"153,127",0.17,-,2020
20210311001118,Y,00104856,삼성증권,보통주,삼성문화재단,"최대주주의
계열비영리법인","195,992",0.22,"195,992",0.22,-,2020
20210311001118,Y,00104856,삼성증권,보통주,장석훈,"최대주주의
계열회사
등기임원","6,196",0.01,"6,196",0.01,-,2020
20210311001118,Y,00104856,삼성증권,보통주,사재훈,"최대주주의
계열회사
등기임원","4,000",0.00,"4,000",0.00,-,2020
20210311001118,Y,00104856,삼성증권,보통주,이승호,"최대주주의
계열회사
등기임원",0,0.00,"3,224",0.00,"'20.3.20
신규선임",2020
20210311001118,Y,00104856,삼성증권,보통주,계,,"26,572,569",29.76,"26,608,651",29.80,-,2020
20210311001118,Y,00104856,삼성증권,우선주,계,,-,-,-,-,-,2020
20220310000784,Y,00104856,삼성증권,보통주,삼성생명보험,최대주주,"26,246,112",29.39,"26,246,112",29.39,-,2021
20220310000784,Y,00104856,삼성증권,보통주,"삼성생명보험
(특별계정)",최대주주,"153,127",0.17,"144,872",0.16,-,2021
20220310000784,Y,00104856,삼성증권,보통주,삼성문화재단,"최대주주의
계열비영리법인","195,992",0.22,"195,992",0.22,-,2021
20220310000784,Y,00104856,삼성증권,보통주,장석훈,"최대주주의
계열회사
등기임원","6,196",0.01,"6,196",0.01,-,2021
20220310000784,Y,00104856,삼성증권,보통주,사재훈,"최대주주의
계열회사
등기임원","4,000",0.00,"4,000",0.00,-,2021
20220310000784,Y,00104856,삼성증권,보통주,이승호,"최대주주의
계열회사
등기임원","3,224",0.00,0,0.00,"'21.12.14日
일신상의 사유로 사임",2021
20220310000784,Y,00104856,삼성증권,보통주,계,,"26,608,651",29.80,"26,597,172",29.78,-,2021
20220310000784,Y,00104856,삼성증권,우선주,계,,-,-,-,-,-,2021
20230309000572,Y,00104856,삼성증권,보통주,삼성생명보험,최대주주,"26,246,112",29.39,"26,246,112",29.39,-,2022
20230309000572,Y,00104856,삼성증권,보통주,"삼성생명보험
(특별계정)",최대주주,"144,872",0.16,"5,503",0.01,-,2022
20230309000572,Y,00104856,삼성증권,보통주,삼성문화재단,"최대주주의
계열비영리법인","195,992",0.22,"195,992",0.22,-,2022
20230309000572,Y,00104856,삼성증권,보통주,장석훈,"최대주주의
계열회사
등기임원","6,196",0.01,"6,196",0.01,-,2022
20230309000572,Y,00104856,삼성증권,보통주,사재훈,"최대주주의
계열회사
등기임원","4,000",0.00,0,0.00,"'22.12.11日
일신상의 사유로
사임",2022
20230309000572,Y,00104856,삼성증권,보통주,이종완,"최대주주의
계열회사
등기임원",0,0.00,"2,341",0.00,"'22.3.18日
사내이사 신규선임-",2022
20230309000572,Y,00104856,삼성증권,보통주,계,,"26,597,172",29.78,"26,456,144",29.63,-,2022
20230309000572,Y,00104856,삼성증권,우선주,계,,-,-,-,-,-,2022
20210317000664,Y,00131054,유진증권,보통주,유진기업(주),최대주주 본인,"26,400,920",27.25,"26,400,920",27.25,-,2020
20210317000664,Y,00131054,유진증권,보통주,유동진,기타,0,0.00,"20,257",0.02,-,2020
20210317000664,Y,00131054,유진증권,보통주,유창수,발행회사 임원,"864,707",0.89,"864,707",0.89,-,2020
20210317000664,Y,00131054,유진증권,보통주,유재필,기타,"165,884",0.17,"165,884",0.17,-,2020
20210317000664,Y,00131054,유진증권,보통주,유순태,계열회사 임원,"467,120",0.48,"467,120",0.48,-,2020
20210317000664,Y,00131054,유진증권,보통주,구금숙,기타,0,0.00,"40,211",0.04,-,2020
20210317000664,Y,00131054,유진증권,보통주,유정민,기타,0,0.00,"49,500",0.05,-,2020
20210317000664,Y,00131054,유진증권,보통주,유정윤,기타,0,0.00,"49,280",0.05,-,2020
20210317000664,Y,00131054,유진증권,보통주,유정주,기타,0,0.00,"39,130",0.04,-,2020
20210317000664,Y,00131054,유진증권,보통주,유승연,기타,0,0.00,"20,376",0.02,-,2020
20210317000664,Y,00131054,유진증권,보통주,계,,"27,898,631",28.80,"28,117,385",29.03,-,2020
20210317000664,Y,00131054,유진증권,기타,계,,-,-,-,-,-,2020
20220316000791,Y,00131054,유진증권,보통주,유진기업(주),최대주주 본인,"26,400,920",27.25,"27,373,920",28.26,장내 매수,2021
20220316000791,Y,00131054,유진증권,보통주,유동진,기타,"20,257",0.02,"20,257",0.02,-,2021
20220316000791,Y,00131054,유진증권,보통주,유창수,발행회사 임원,"864,707",0.89,"864,707",0.89,-,2021
20220316000791,Y,00131054,유진증권,보통주,유재필,기타,"165,884",0.17,"165,884",0.17,-,2021
20220316000791,Y,00131054,유진증권,보통주,유순태,계열회사 임원,"467,120",0.48,"467,120",0.48,-,2021
20220316000791,Y,00131054,유진증권,보통주,구금숙,기타,"40,211",0.04,"40,211",0.04,-,2021
20220316000791,Y,00131054,유진증권,보통주,유정민,기타,"49,500",0.05,"49,500",0.05,-,2021
20220316000791,Y,00131054,유진증권,보통주,유정윤,기타,"49,280",0.05,0,0.00,장내 매도,2021
20220316000791,Y,00131054,유진증권,보통주,유정주,기타,"39,130",0.04,"39,130",0.04,-,2021
20220316000791,Y,00131054,유진증권,보통주,유승연,기타,"20,376",0.02,"20,376",0.02,-,2021
20220316000791,Y,00131054,유진증권,보통주,계,,"28,117,385",29.03,"29,041,105",29.97,-,2021
20220316000791,Y,00131054,유진증권,-,계,,-,-,-,-,-,2021
20230315000887,Y,00131054,유진증권,보통주,유진기업(주),최대주주 본인,"27,373,920",28.26,"27,373,920",28.26,-,2022
20230315000887,Y,00131054,유진증권,보통주,동화기업(주),계열회사,0,0.00,"939,596",0.97,장내매수,2022
20230315000887,Y,00131054,유진증권,보통주,유진레저(주),계열회사,0,0.00,"939,390",0.97,장내매수,2022
20230315000887,Y,00131054,유진증권,보통주,유창수,발행회사 임원,"864,707",0.89,"1,300,000",1.34,장내매수,2022
20230315000887,Y,00131054,유진증권,보통주,유재필,기타,"165,884",0.17,"165,884",0.17,-,2022
20230315000887,Y,00131054,유진증권,보통주,유순태,계열회사 임원,"467,120",0.48,"467,120",0.48,-,2022
20230315000887,Y,00131054,유진증권,보통주,구금숙,기타,"40,211",0.04,"40,211",0.04,-,2022
20230315000887,Y,00131054,유진증권,보통주,유정민,기타,"49,500",0.05,"49,500",0.05,-,2022
20230315000887,Y,00131054,유진증권,보통주,유정주,기타,"39,130",0.04,"39,130",0.04,-,2022
20230315000887,Y,00131054,유진증권,보통주,유승연,기타,"20,376",0.02,"20,376",0.02,-,2022
20230315000887,Y,00131054,유진증권,보통주,유동진,기타,"20,257",0.02,"20,257",0.02,-,2022
20230315000887,Y,00131054,유진증권,보통주,계,,"29,041,105",29.97,"31,355,384",32.37,-,2022
20230315000887,Y,00131054,유진증권,-,계,,-,-,-,-,-,2022
20210317000970,Y,00162416,한양증권,보통주,한양학원,최대주주,"2,074,010",16.29,"2,074,010",16.29,-,2020
20210317000970,Y,00162416,한양증권,보통주,김명희,특수관계인,"72,000",0.57,"72,000",0.57,-,2020
20210317000970,Y,00162416,한양증권,보통주,임재택,임원,"68,690",0.54,"68,690",0.54,-,2020
20210317000970,Y,00162416,한양증권,보통주,정경윤,임원,"10,000",0.08,"10,000",0.08,-,2020
20210317000970,Y,00162416,한양증권,우선주,한양학원,최대주주,"76,435",14.56,"76,435",14.56,-,2020
20210317000970,Y,00162416,한양증권,보통주,백남관광,특수관계인,"1,381,149",10.85,"1,381,149",10.85,-,2020
20210317000970,Y,00162416,한양증권,우선주,백남관광,특수관계인,"46,293",8.82,"46,293",8.82,-,2020
20210317000970,Y,00162416,한양증권,보통주,에이치비디씨,특수관계인,"948,234",7.45,"948,234",7.45,-,2020
20210317000970,Y,00162416,한양증권,우선주,에이치비디씨,특수관계인,"82,890",15.79,"82,890",15.79,-,2020
20210317000970,Y,00162416,한양증권,보통주,김종량,특수관계인,"515,512",4.05,"515,512",4.05,-,2020
20210317000970,Y,00162416,한양증권,보통주,김종식,특수관계인,"85,648",0.67,"85,648",0.67,-,2020
20210317000970,Y,00162416,한양증권,보통주,김명서,특수관계인,"72,000",0.57,"72,000",0.57,-,2020
20210317000970,Y,00162416,한양증권,보통주,계,,"5,227,243",41.07,"5,227,243",41.07,-,2020
20210317000970,Y,00162416,한양증권,우선주,계,,"205,618",39.17,"205,618",39.17,-,2020
20220315001266,Y,00162416,한양증권,보통주,한양학원,최대주주,"2,074,010",16.29,"2,074,010",16.29,-,2021
20220315001266,Y,00162416,한양증권,보통주,김명희,특수관계인,"72,000",0.57,"72,000",0.57,-,2021
20220315001266,Y,00162416,한양증권,보통주,임재택,임원,"68,690",0.54,"68,690",0.54,-,2021
20220315001266,Y,00162416,한양증권,보통주,정경윤,임원,"10,000",0.08,"10,000",0.08,-,2021
20220315001266,Y,00162416,한양증권,우선주,한양학원,최대주주,"76,435",14.56,"76,435",14.56,-,2021
20220315001266,Y,00162416,한양증권,보통주,백남관광,특수관계인,"1,381,149",10.85,"1,381,149",10.85,-,2021
20220315001266,Y,00162416,한양증권,우선주,백남관광,특수관계인,"46,293",8.82,"46,293",8.82,-,2021
20220315001266,Y,00162416,한양증권,보통주,에이치비디씨,특수관계인,"948,234",7.45,"948,234",7.45,-,2021
20220315001266,Y,00162416,한양증권,우선주,에이치비디씨,특수관계인,"82,890",15.79,"82,890",15.79,-,2021
20220315001266,Y,00162416,한양증권,보통주,김종량,특수관계인,"515,512",4.05,"515,512",4.05,-,2021
20220315001266,Y,00162416,한양증권,보통주,김종식,특수관계인,"85,648",0.67,"85,648",0.67,-,2021
20220315001266,Y,00162416,한양증권,보통주,김명서,특수관계인,"72,000",0.57,"72,000",0.57,-,2021
20220315001266,Y,00162416,한양증권,보통주,계,,"5,227,243",41.07,"5,227,243",41.07,-,2021
20220315001266,Y,00162416,한양증권,우선주,계,,"205,618",39.17,"205,618",39.17,-,2021
20230315000894,Y,00162416,한양증권,보통주,한양학원,최대주주,"2,074,010",16.29,"2,074,010",16.29,-,2022
20230315000894,Y,00162416,한양증권,보통주,김명희,특수관계인,"72,000",0.57,"72,000",0.57,-,2022
20230315000894,Y,00162416,한양증권,보통주,임재택,임원,"68,690",0.54,"68,690",0.54,-,2022
20230315000894,Y,00162416,한양증권,보통주,정경윤,임원,"10,000",0.08,"10,000",0.08,-,2022
20230315000894,Y,00162416,한양증권,우선주,한양학원,최대주주,"76,435",14.56,"76,435",14.56,-,2022
20230315000894,Y,00162416,한양증권,보통주,백남관광,특수관계인,"1,381,149",10.85,"1,381,149",10.85,-,2022
20230315000894,Y,00162416,한양증권,우선주,백남관광,특수관계인,"46,293",8.82,"46,293",8.82,-,2022
20230315000894,Y,00162416,한양증권,보통주,에이치비디씨,특수관계인,"948,234",7.45,"948,234",7.45,-,2022
20230315000894,Y,00162416,한양증권,우선주,에이치비디씨,특수관계인,"82,890",15.79,"82,890",15.79,-,2022
20230315000894,Y,00162416,한양증권,보통주,김종량,특수관계인,"515,512",4.05,"515,512",4.05,-,2022
20230315000894,Y,00162416,한양증권,보통주,김종식,특수관계인,"85,648",0.67,"85,648",0.67,-,2022
20230315000894,Y,00162416,한양증권,보통주,김명서,특수관계인,"72,000",0.57,"72,000",0.57,-,2022
20230315000894,Y,00162416,한양증권,보통주,계,,"5,227,243",41.07,"5,227,243",41.07,-,2022
20230315000894,Y,00162416,한양증권,우선주,계,,"205,618",39.17,"205,618",39.17,-,2022
20210311001242,Y,00137997,현대차증권,보통주,"현대
자동차",최대주주,"8,065,595",27.49,"8,065,595",27.49,-,2020
20210311001242,Y,00137997,현대차증권,보통주,"현대
모비스","특수
관계인","4,983,200",16.99,"4,983,200",16.99,-,2020
20210311001242,Y,00137997,현대차증권,보통주,"기아
자동차","특수
관계인","1,438,449",4.90,"1,438,449",4.90,-,2020
20210311001242,Y,00137997,현대차증권,보통주,이용배,"특수
관계인","23,000",0.08,"23,000",0.08,계열사 임원,2020
20210311001242,Y,00137997,현대차증권,보통주,계,,"14,510,244",49.46,"14,510,244",49.46,-,2020
20210311001242,Y,00137997,현대차증권,기타,계,,-,-,-,-,-,2020
20220310000899,Y,00137997,현대차증권,보통주,현대자동차,최대주주,"8,065,595",27.49,"8,065,595",25.43,-,2021
20220310000899,Y,00137997,현대차증권,보통주,현대모비스,"특수
관계인","4,983,200",16.99,"4,983,200",15.71,-,2021
20220310000899,Y,00137997,현대차증권,보통주,기아,"특수
관계인","1,438,449",4.90,"1,438,449",4.54,-,2021
20220310000899,Y,00137997,현대차증권,보통주,이용배,"특수
관계인","23,000",0.08,"23,000",0.07,계열사 임원,2021
20220310000899,Y,00137997,현대차증권,보통주,계,,"14,510,244",49.46,"14,510,244",45.76,-,2021
20220310000899,Y,00137997,현대차증권,기타,계,,-,-,-,-,-,2021
20230315000803,Y,00137997,현대차증권,보통주,현대자동차,최대주주,"8,065,595",25.43,"8,065,595",25.43,-,2022
20230315000803,Y,00137997,현대차증권,보통주,현대모비스,특수관계인,"4,983,200",15.71,"4,983,200",15.71,-,2022
20230315000803,Y,00137997,현대차증권,보통주,기아,특수관계인,"1,438,449",4.54,"1,438,449",4.54,-,2022
20230315000803,Y,00137997,현대차증권,보통주,계,,"14,487,244",45.68,"14,487,244",45.68,-,2022
20230315000803,Y,00137997,현대차증권,기타,계,,-,-,-,-,-,2022
20210317000957,K,00330424,이베스트투자증권,보통주,지앤에이사모투자전문회사,본인,"34,239,190",61.71,"34,239,190",61.71,-,2020
20210317000957,K,00330424,이베스트투자증권,보통주,이규윤,특수관계인,"12,000",0.02,"22,000",0.04,-,2020
20210317000957,K,00330424,이베스트투자증권,보통주,백호진,특수관계인,"10,000",0.02,"20,000",0.04,-,2020
20210317000957,K,00330424,이베스트투자증권,보통주,김주한,특수관계인,"10,000",0.02,"20,000",0.04,-,2020
20210317000957,K,00330424,이베스트투자증권,보통주,김현호,특수관계인,"7,500",0.01,"17,500",0.03,-,2020
20210317000957,K,00330424,이베스트투자증권,보통주,권우석,특수관계인,"10,000",0.02,"10,000",0.02,-,2020
20210317000957,K,00330424,이베스트투자증권,보통주,박창진,특수관계인,"10,000",0.02,"20,000",0.04,-,2020
20210317000957,K,00330424,이베스트투자증권,보통주,이현주,특수관계인,"5,400",0.01,"15,400",0.03,-,2020
20210317000957,K,00330424,이베스트투자증권,보통주,이선범,특수관계인,"6,300",0.01,"6,300",0.01,-,2020
20210317000957,K,00330424,이베스트투자증권,보통주,김동현,특수관계인,"6,310",0.01,"10,200",0.02,-,2020
20210317000957,K,00330424,이베스트투자증권,보통주,이종호,특수관계인,"6,460",0.01,"18,300",0.03,-,2020
20210317000957,K,00330424,이베스트투자증권,보통주,김원규,특수관계인,"30,659",0.06,"40,000",0.07,-,2020
20210317000957,K,00330424,이베스트투자증권,보통주,남궁환,특수관계인,0,0.00,"10,000",0.02,-,2020
20210317000957,K,00330424,이베스트투자증권,보통주,김영진,특수관계인,"6,300",0.01,"6,300",0.01,-,2020
20210317000957,K,00330424,이베스트투자증권,보통주,정종열,특수관계인,"14,802",0.03,"20,000",0.04,-,2020
20210317000957,K,00330424,이베스트투자증권,보통주,이주한,특수관계인,"15,200",0.03,"27,200",0.05,-,2020
20210317000957,K,00330424,이베스트투자증권,보통주,윤지호,특수관계인,"14,000",0.03,"24,000",0.04,-,2020
20210317000957,K,00330424,이베스트투자증권,보통주,오응진,특수관계인,"14,000",0.03,"14,000",0.03,-,2020
20210317000957,K,00330424,이베스트투자증권,보통주,정유호,특수관계인,"14,000",0.03,"30,000",0.05,-,2020
20210317000957,K,00330424,이베스트투자증권,보통주,정성근,특수관계인,"10,508",0.02,"20,508",0.04,-,2020
20210317000957,K,00330424,이베스트투자증권,보통주,김용두,특수관계인,"15,436",0.03,"25,436",0.05,-,2020
20210317000957,K,00330424,이베스트투자증권,보통주,계,,"34,458,065",62.11,"34,616,334",62.39,-,2020
20210317000957,K,00330424,이베스트투자증권,-,계,,-,-,-,-,-,2020
20220317000673,K,00330424,이베스트투자증권,보통주,지앤에이사모투자전문회사,본인,"34,239,190",61.71,"34,239,190",61.71,-,2021
20220317000673,K,00330424,이베스트투자증권,보통주,김용두,특수관계인,"25,436",0.05,"25,436",0.05,-,2021
20220317000673,K,00330424,이베스트투자증권,보통주,백호진,특수관계인,"20,000",0.04,"20,000",0.04,-,2021
20220317000673,K,00330424,이베스트투자증권,보통주,김주한,특수관계인,"20,000",0.04,"20,000",0.04,-,2021
20220317000673,K,00330424,이베스트투자증권,보통주,권우석,특수관계인,"10,000",0.02,"10,000",0.02,-,2021
20220317000673,K,00330424,이베스트투자증권,보통주,김현호,특수관계인,"17,500",0.03,"17,500",0.03,-,2021
20220317000673,K,00330424,이베스트투자증권,보통주,이현주,특수관계인,"15,400",0.03,"15,400",0.03,-,2021
20220317000673,K,00330424,이베스트투자증권,보통주,이선범,특수관계인,"6,300",0.01,"6,300",0.01,-,2021
20220317000673,K,00330424,이베스트투자증권,보통주,김동현,특수관계인,"10,200",0.02,"10,200",0.02,-,2021
20220317000673,K,00330424,이베스트투자증권,보통주,이종호,특수관계인,"18,300",0.03,"18,300",0.03,-,2021
20220317000673,K,00330424,이베스트투자증권,보통주,남궁환,특수관계인,"10,000",0.02,"10,000",0.02,-,2021
20220317000673,K,00330424,이베스트투자증권,보통주,김원규,특수관계인,"40,000",0.07,"40,000",0.07,-,2021
20220317000673,K,00330424,이베스트투자증권,보통주,김영진,특수관계인,"6,300",0.01,"6,300",0.01,-,2021
20220317000673,K,00330424,이베스트투자증권,보통주,심정오,특수관계인,"6,300",0.01,"6,300",0.01,-,2021
20220317000673,K,00330424,이베스트투자증권,보통주,박정우,특수관계인,"6,300",0.01,"6,300",0.01,-,2021
20220317000673,K,00330424,이베스트투자증권,보통주,조문종,특수관계인,"6,300",0.01,"6,300",0.01,-,2021
20220317000673,K,00330424,이베스트투자증권,보통주,노현일,특수관계인,"6,300",0.01,"6,300",0.01,-,2021
20220317000673,K,00330424,이베스트투자증권,보통주,정종열,특수관계인,"20,000",0.04,"20,000",0.04,-,2021
20220317000673,K,00330424,이베스트투자증권,보통주,이주한,특수관계인,"27,200",0.05,"27,200",0.05,-,2021
20220317000673,K,00330424,이베스트투자증권,보통주,윤지호,특수관계인,"24,000",0.04,"24,000",0.04,-,2021
20220317000673,K,00330424,이베스트투자증권,보통주,오응진,특수관계인,"14,000",0.03,"14,000",0.03,-,2021
20220317000673,K,00330424,이베스트투자증권,보통주,정유호,특수관계인,"30,000",0.05,"30,000",0.05,-,2021
20220317000673,K,00330424,이베스트투자증권,보통주,정성근,특수관계인,"20,508",0.04,"20,508",0.04,-,2021
20220317000673,K,00330424,이베스트투자증권,보통주,이규윤,특수관계인,"22,000",0.04,"22,000",0.04,-,2021
20220317000673,K,00330424,이베스트투자증권,보통주,계,,"34,621,534",62.40,"34,621,534",62.40,-,2021
20220317000673,K,00330424,이베스트투자증권,-,계,,-,-,-,-,-,2021
20230316001115,K,00330424,이베스트투자증권,보통주,지앤에이사모투자전문회사,본인,"34,239,190",61.71,"34,239,190",61.71,-,2022
20230316001115,K,00330424,이베스트투자증권,보통주,권우석,피투자회사 미등기임원,"10,000",0.02,"10,000",0.02,-,2022
20230316001115,K,00330424,이베스트투자증권,보통주,이현주,피투자회사 미등기임원,"15,400",0.03,"15,400",0.03,-,2022
20230316001115,K,00330424,이베스트투자증권,보통주,이선범,피투자회사 미등기임원,"6,300",0.01,"6,300",0.01,-,2022
20230316001115,K,00330424,이베스트투자증권,보통주,김동현,피투자회사 미등기임원,"10,200",0.02,"10,200",0.02,-,2022
20230316001115,K,00330424,이베스트투자증권,보통주,김영진,피투자회사 미등기임원,"6,300",0.01,"6,300",0.01,-,2022
20230316001115,K,00330424,이베스트투자증권,보통주,이종호,피투자회사 미등기임원,"18,300",0.03,"18,300",0.03,-,2022
20230316001115,K,00330424,이베스트투자증권,보통주,남궁환,피투자회사 미등기임원,"10,000",0.02,"10,000",0.02,-,2022
20230316001115,K,00330424,이베스트투자증권,보통주,심정오,피투자회사 미등기임원,"6,300",0.01,"6,300",0.01,-,2022
20230316001115,K,00330424,이베스트투자증권,보통주,박정우,피투자회사 미등기임원,"6,300",0.01,"6,300",0.01,-,2022
20230316001115,K,00330424,이베스트투자증권,보통주,조문종,피투자회사 미등기임원,"6,300",0.01,"6,300",0.01,-,2022
20230316001115,K,00330424,이베스트투자증권,보통주,김원규,피투자회사 대표이사,"40,000",0.07,"40,000",0.07,-,2022
20230316001115,K,00330424,이베스트투자증권,보통주,노현일,피투자회사 미등기임원,"6,300",0.01,"6,300",0.01,-,2022
20230316001115,K,00330424,이베스트투자증권,보통주,이준엽,피투자회사 미등기임원,"6,598",0.01,"6,598",0.01,-,2022
20230316001115,K,00330424,이베스트투자증권,보통주,윤원재,피투자회사 미등기임원,"6,500",0.01,"6,500",0.01,-,2022
20230316001115,K,00330424,이베스트투자증권,보통주,정종열,피투자회사 미등기임원,"20,000",0.04,0,0.00,-,2022
20230316001115,K,00330424,이베스트투자증권,보통주,이주한,피투자회사 미등기임원,"27,200",0.05,"27,200",0.05,-,2022
20230316001115,K,00330424,이베스트투자증권,보통주,윤지호,피투자회사 미등기임원,"24,000",0.04,"24,000",0.04,-,2022
20230316001115,K,00330424,이베스트투자증권,보통주,오응진,피투자회사 미등기임원,"14,000",0.03,"14,000",0.03,-,2022
20230316001115,K,00330424,이베스트투자증권,보통주,정성근,피투자회사 미등기임원,"20,508",0.04,"20,508",0.04,-,2022
20230316001115,K,00330424,이베스트투자증권,보통주,이규윤,피투자회사 미등기임원,"22,000",0.04,"22,000",0.04,-,2022
20230316001115,K,00330424,이베스트투자증권,보통주,김주한,피투자회사 미등기임원,"20,000",0.04,"20,000",0.04,-,2022
20230316001115,K,00330424,이베스트투자증권,보통주,계,,"34,541,696",62.26,"34,521,696",62.22,-,2022
20230316001115,K,00330424,이베스트투자증권,-,계,,-,-,-,-,-,2022
20210326001145,Y,00113359,교보증권,보통주,교보생명보험(주),최대주주,"18,585,473",51.63,"47,238,769",73.06,-,2020
20210326001145,Y,00113359,교보증권,보통주,김해준,계열사임원(대표이사),"28,000",0.08,"38,000",0.06,-,2020
20210326001145,Y,00113359,교보증권,보통주,박봉권,계열사임원(대표이사),0,0.00,"10,000",0.02,-,2020
20210326001145,Y,00113359,교보증권,보통주,신유삼,계열사임원(사외이사),0,0.00,"6,500",0.01,-,2020
20210326001145,Y,00113359,교보증권,보통주,이찬우,계열사임원(사외이사),0,0.00,3,0.00,"구주권의 신주권 변경시 
구주권 분실로 인한 미회수 주식 보유",2020
20210326001145,Y,00113359,교보증권,보통주,계,,"18,613,473",51.70,"47,293,272",73.15,-,2020
20210326001145,Y,00113359,교보증권,-,계,,-,-,-,-,-,2020
20220315000921,Y,00113359,교보증권,보통주,교보생명보험(주),최대주주,"47,238,769",73.06,"47,238,769",73.06,-,2021
20220315000921,Y,00113359,교보증권,보통주,박봉권,계열사임원(대표이사),"10,000",0.02,"12,383",0.02,-,2021
20220315000921,Y,00113359,교보증권,보통주,이찬우,계열사임원(사외이사),3,0.00,3,0.00,-,2021
20220315000921,Y,00113359,교보증권,보통주,계,,"47,248,772",73.08,"47,251,155",73.08,-,2021
20220315000921,Y,00113359,교보증권,-,계,,-,-,-,-,-,2021
20230314000692,Y,00113359,교보증권,보통주,교보생명보험(주),최대주주,"47,238,769",73.06,"47,238,769",73.06,-,2022
20230314000692,Y,00113359,교보증권,보통주,박봉권,"계열사임원
(대표이사)","12,383",0.02,"25,848",0.04,장내매수,2022
20230314000692,Y,00113359,교보증권,보통주,이찬우,"계열사임원
(사외이사)",3,0.00,0,0.00,장내매도,2022
20230314000692,Y,00113359,교보증권,보통주,계,,"47,251,155",73.08,"47,264,617",73.10,-,2022
20230314000692,Y,00113359,교보증권,우선주,계,,-,-,-,-,-,2022
20210317000924,Y,00115694,DB금융투자,보통주,DB손해보험(주),최대주주,"10,643,969",25.08,"10,643,969",25.08,-,2020
20210317000924,Y,00115694,DB금융투자,보통주,김정남,계열사임원,"10,000",0.02,"10,000",0.02,-,2020
20210317000924,Y,00115694,DB금융투자,보통주,고원종,계열사임원,"19,000",0.04,"26,500",0.06,장내 매수,2020
20210317000924,Y,00115694,DB금융투자,보통주,박기호,계열사임원,0,0.00,"39,970",0.09,임원 취임,2020
20210317000924,Y,00115694,DB금융투자,보통주,DB김준기문화재단,특수관계인,"794,902",1.87,"794,902",1.87,-,2020
20210317000924,Y,00115694,DB금융투자,보통주,김준기,특수관계인,"2,122,205",5.00,"2,122,205",5.00,-,2020
20210317000924,Y,00115694,DB금융투자,보통주,김남호,특수관계인,"2,706,364",6.38,"206,364",0.49,시간외매도,2020
20210317000924,Y,00115694,DB금융투자,보통주,김정희,특수관계인,"359,378",0.85,"359,378",0.85,-,2020
20210317000924,Y,00115694,DB금융투자,보통주,김명자,특수관계인,"25,666",0.06,"25,666",0.06,-,2020
20210317000924,Y,00115694,DB금융투자,보통주,김명희,특수관계인,"4,265",0.01,"4,265",0.01,-,2020
20210317000924,Y,00115694,DB금융투자,보통주,김두연,특수관계인,"79,123",0.19,"79,123",0.19,-,2020
20210317000924,Y,00115694,DB금융투자,보통주,곽제동,계열사임원,"20,000",0.05,0,0.00,임원 퇴임,2020
20210317000924,Y,00115694,DB금융투자,보통주,계,,"16,784,872",39.54,"14,312,342",33.72,-,2020
20210317000924,Y,00115694,DB금융투자,우선주,계,,-,-,-,-,-,2020
20220316001241,Y,00115694,DB금융투자,보통주,DB손해보험(주),최대주주,"10,643,969",25.08,"10,643,969",25.08,-,2021
20220316001241,Y,00115694,DB금융투자,보통주,고원종,계열사임원,"26,500",0.06,"26,500",0.06,-,2021
20220316001241,Y,00115694,DB금융투자,보통주,박기호,계열사임원,"39,970",0.09,"39,970",0.09,-,2021
20220316001241,Y,00115694,DB금융투자,보통주,DB김준기문화재단,특수관계인,"794,902",1.87,"794,902",1.87,-,2021
20220316001241,Y,00115694,DB금융투자,보통주,김준기,특수관계인,"2,122,205",5.00,"2,288,479",5.39,특수관계인 김정희의 사망에 따른 상속분 증가,2021
20220316001241,Y,00115694,DB금융투자,보통주,김남호,특수관계인,"206,364",0.49,"399,468",0.94,특수관계인 김정희의 사망에 따른 상속분 증가,2021
20220316001241,Y,00115694,DB금융투자,보통주,김정희,특수관계인,"359,378",0.85,0,0.00,사망,2021
20220316001241,Y,00115694,DB금융투자,보통주,김명자,특수관계인,"25,666",0.06,"25,666",0.06,-,2021
20220316001241,Y,00115694,DB금융투자,보통주,김명희,특수관계인,"4,265",0.01,"4,265",0.01,-,2021
20220316001241,Y,00115694,DB금융투자,보통주,김두연,특수관계인,"79,123",0.19,"79,123",0.19,-,2021
20220316001241,Y,00115694,DB금융투자,보통주,김정남,계열사임원,"10,000",0.02,"10,000",0.02,-,2021
20220316001241,Y,00115694,DB금융투자,보통주,계,,"14,312,342",33.72,"14,312,342",33.72,-,2021
20220316001241,Y,00115694,DB금융투자,우선주,계,,-,-,-,-,-,2021
20230321001219,Y,00115694,DB금융투자,보통주,DB손해보험(주),최대주주,"10,643,969",25.08,"10,643,969",25.08,-,2022
20230321001219,Y,00115694,DB금융투자,보통주,박기호,계열사임원,"39,970",0.09,0,0.00,"퇴임(-39,970주)",2022
20230321001219,Y,00115694,DB금융투자,보통주,김준기,특수관계인,"2,288,479",5.39,"2,288,479",5.39,-,2022
20230321001219,Y,00115694,DB금융투자,보통주,DB김준기문화재단,특수관계인,"794,902",1.87,"794,902",1.87,-,2022
20230321001219,Y,00115694,DB금융투자,보통주,김남호,특수관계인,"399,468",0.94,"399,468",0.94,-,2022
20230321001219,Y,00115694,DB금융투자,보통주,김명자,특수관계인,"25,666",0.06,"25,666",0.06,-,2022
20230321001219,Y,00115694,DB금융투자,보통주,김명희,특수관계인,"4,265",0.01,"4,265",0.01,-,2022
20230321001219,Y,00115694,DB금융투자,보통주,김두연,특수관계인,"79,123",0.19,"79,123",0.19,-,2022
20230321001219,Y,00115694,DB금융투자,보통주,김정남,계열사임원,"10,000",0.02,"10,000",0.02,-,2022
20230321001219,Y,00115694,DB금융투자,보통주,고원종,계열사임원,"26,500",0.06,"41,900",0.10,"우리사주출고(+15,400주)",2022
20230321001219,Y,00115694,DB금융투자,보통주,계,,"14,312,342",33.72,"14,287,772",33.66,-,2022
20230321001219,Y,00115694,DB금융투자,우선주,계,,-,-,-,-,-,2022
20210318001190,Y,00145190,유화증권,보통주,윤경립,본인,"2,490,732",21.96,"12,453,660",21.96,액면분할,2020
20210318001190,Y,00145190,유화증권,종류주식,윤재동,형,"139,626",3.99,"618,130",3.54,"액면분할
기부",2020
20210318001190,Y,00145190,유화증권,보통주,YunClaire,조카,"45,469",0.40,"227,345",0.40,액면분할,2020
20210318001190,Y,00145190,유화증권,종류주식,(윤 지 영),조카,"74,621",2.13,"373,105",2.13,액면분할,2020
20210318001190,Y,00145190,유화증권,보통주,YunJanice,조카,"45,459",0.40,"227,295",0.40,액면분할,2020
20210318001190,Y,00145190,유화증권,종류주식,(윤 지 현),조카,"76,166",2.18,"380,830",2.18,액면분할,2020
20210318001190,Y,00145190,유화증권,보통주,YunGrace,조카,"45,459",0.40,"227,295",0.40,액면분할,2020
20210318001190,Y,00145190,유화증권,종류주식,(윤 경 희),조카,"74,894",2.14,"374,470",2.14,액면분할,2020
20210318001190,Y,00145190,유화증권,보통주,윤재륜,형,"285,199",2.51,"1,425,995",2.51,액면분할,2020
20210318001190,Y,00145190,유화증권,종류주식,윤재륜,형,"220,922",6.32,"1,104,610",6.32,액면분할,2020
20210318001190,Y,00145190,유화증권,보통주,오윤선,형수,"72,838",0.64,"364,190",0.64,액면분할,2020
20210318001190,Y,00145190,유화증권,종류주식,윤경립,본인,"103,600",2.96,"518,000",2.96,액면분할,2020
20210318001190,Y,00145190,유화증권,종류주식,오윤선,형수,50,0.00,250,0.00,액면분할,2020
20210318001190,Y,00145190,유화증권,보통주,윤정선,조카,602,0.01,"3,010",0.01,액면분할,2020
20210318001190,Y,00145190,유화증권,종류주식,윤정선,조카,0,0.00,0,0.00,액면분할,2020
20210318001190,Y,00145190,유화증권,보통주,윤영선,조카,602,0.01,"3,010",0.01,액면분할,2020
20210318001190,Y,00145190,유화증권,종류주식,윤영선,조카,"23,370",0.67,"116,850",0.67,액면분할,2020
20210318001190,Y,00145190,유화증권,보통주,윤보현,조카,"113,819",1.00,"569,095",1.00,액면분할,2020
20210318001190,Y,00145190,유화증권,종류주식,윤보현,조카,"200,824",5.75,"1,004,120",5.75,액면분할,2020
20210318001190,Y,00145190,유화증권,보통주,윤혜선,자녀,"137,525",1.21,"687,625",1.21,액면분할,2020
20210318001190,Y,00145190,유화증권,종류주식,윤혜선,자녀,"15,500",0.44,"77,500",0.44,액면분할,2020
20210318001190,Y,00145190,유화증권,보통주,윤승현,자녀,"526,283",4.64,"3,041,375",5.36,"장내매수
액면분할",2020
20210318001190,Y,00145190,유화증권,보통주,안지원,처,"250,446",2.21,"1,252,230",2.21,액면분할,2020
20210318001190,Y,00145190,유화증권,종류주식,윤승현,자녀,"93,350",2.67,"466,750",2.67,액면분할,2020
20210318001190,Y,00145190,유화증권,보통주,윤서연,자녀,"126,253",1.11,"631,265",1.11,액면분할,2020
20210318001190,Y,00145190,유화증권,종류주식,윤서연,자녀,"10,000",0.29,"50,000",0.29,액면분할,2020
20210318001190,Y,00145190,유화증권,보통주,윤대섭,숙부,"107,000",0.94,0,0.00,"액면분할
기부",2020
20210318001190,Y,00145190,유화증권,종류주식,윤대섭,숙부,0,0.00,0,0.00,액면분할,2020
20210318001190,Y,00145190,유화증권,보통주,MyungJoo Yun,형수,"44,411",0.39,"222,055",0.39,액면분할,2020
20210318001190,Y,00145190,유화증권,종류주식,(윤명주),형수,0,0.00,0,0.00,액면분할,2020
20210318001190,Y,00145190,유화증권,보통주,동원통상,특수관계인,"69,910",0.62,"349,550",0.62,액면분할,2020
20210318001190,Y,00145190,유화증권,종류주식,동원통상,특수관계인,"154,521",4.42,"620,120",3.55,"액면분할
장내매도
기부",2020
20210318001190,Y,00145190,유화증권,보통주,성보문화재단,특수관계인,"287,024",2.53,"1,435,120",2.53,액면분할,2020
20210318001190,Y,00145190,유화증권,종류주식,안지원,처,"76,180",2.18,"380,900",2.18,액면분할,2020
20210318001190,Y,00145190,유화증권,종류주식,성보문화재단,특수관계인,"607,281",17.37,"3,036,405",17.37,액면분할,2020
20210318001190,Y,00145190,유화증권,보통주,성보화학,특수관계인,"56,453",0.50,"282,265",0.50,액면분할,2020
20210318001190,Y,00145190,유화증권,종류주식,성보화학,특수관계인,"104,610",2.99,"523,050",2.99,액면분할,2020
20210318001190,Y,00145190,유화증권,보통주,사회복지법인 여송,특수관계인,"153,190",1.35,"765,950",1.35,액면분할,2020
20210318001190,Y,00145190,유화증권,종류주식,사회복지법인 여송,특수관계인,"150,000",4.29,"750,000",4.29,액면분할,2020
20210318001190,Y,00145190,유화증권,보통주,성보실업,특수관계인,0,0.00,0,0.00,액면분할,2020
20210318001190,Y,00145190,유화증권,종류주식,성보실업,특수관계인,"27,800",0.80,"139,000",0.80,액면분할,2020
20210318001190,Y,00145190,유화증권,보통주,성보장학회,특수관계인,0,0.00,0,0.00,액면분할,2020
20210318001190,Y,00145190,유화증권,종류주식,성보장학회,특수관계인,"20,000",0.57,"180,000",1.03,"액면분할
수증",2020
20210318001190,Y,00145190,유화증권,보통주,성보학원,특수관계인,0,0.00,0,0.00,액면분할,2020
20210318001190,Y,00145190,유화증권,보통주,박정윤,모,"71,250",0.63,"356,250",0.63,액면분할,2020
20210318001190,Y,00145190,유화증권,종류주식,성보학원,특수관계인,"85,000",2.43,"425,000",2.43,액면분할,2020
20210318001190,Y,00145190,유화증권,종류주식,박정윤,모,"17,300",0.49,"86,500",0.49,액면분할,2020
20210318001190,Y,00145190,유화증권,보통주,김정숙,형수,"120,231",1.06,"601,155",1.06,액면분할,2020
20210318001190,Y,00145190,유화증권,종류주식,김정숙,형수,"23,370",0.67,"116,850",0.67,액면분할,2020
20210318001190,Y,00145190,유화증권,보통주,윤재동,형,"409,216",3.61,"2,046,080",3.61,액면분할,2020
20210318001190,Y,00145190,유화증권,보통주,계,,"5,459,371",48.13,"27,171,815",47.92,-,2020
20210318001190,Y,00145190,유화증권,종류주식,계,,"2,298,985",65.75,"11,342,440",64.90,-,2020
20220322000927,Y,00145190,유화증권,보통주,윤경립,본인,"12,453,660",21.96,"12,542,722",22.12,-,2021
20220322000927,Y,00145190,유화증권,종류주식,윤재동,형,"618,130",3.54,"569,755",3.26,상속,2021
20220322000927,Y,00145190,유화증권,보통주,YunClaire,조카,"227,345",0.40,"227,345",0.40,-,2021
20220322000927,Y,00145190,유화증권,종류주식,(윤 지 영),조카,"373,105",2.13,"373,105",2.13,-,2021
20220322000927,Y,00145190,유화증권,보통주,YunJanice,조카,"227,295",0.40,"227,295",0.40,-,2021
20220322000927,Y,00145190,유화증권,종류주식,(윤 지 현),조카,"380,830",2.18,"380,830",2.18,-,2021
20220322000927,Y,00145190,유화증권,보통주,YunGrace,조카,"227,295",0.40,"227,295",0.40,-,2021
20220322000927,Y,00145190,유화증권,종류주식,(윤 경 희),조카,"374,470",2.14,"374,470",2.14,-,2021
20220322000927,Y,00145190,유화증권,보통주,윤재륜,형,"1,425,995",2.51,"1,515,057",2.67,상속,2021
20220322000927,Y,00145190,유화증권,종류주식,윤재륜,형,"1,104,610",6.32,"1,126,235",6.44,상속,2021
20220322000927,Y,00145190,유화증권,보통주,오윤선,형수,"364,190",0.64,"364,190",0.64,-,2021
20220322000927,Y,00145190,유화증권,종류주식,윤경립,본인,"518,000",2.96,"539,625",3.09,-,2021
20220322000927,Y,00145190,유화증권,종류주식,오윤선,형수,250,0.00,250,0.00,-,2021
20220322000927,Y,00145190,유화증권,보통주,윤정선,조카,"3,010",0.01,"47,542",0.08,상속,2021
20220322000927,Y,00145190,유화증권,종류주식,윤정선,조카,0,0.00,"10,813",0.06,상속,2021
20220322000927,Y,00145190,유화증권,보통주,윤영선,조카,"3,010",0.01,"47,542",0.08,상속,2021
20220322000927,Y,00145190,유화증권,종류주식,윤영선,조카,"116,850",0.67,"127,662",0.73,상속,2021
20220322000927,Y,00145190,유화증권,보통주,윤보현,조카,"569,095",1.00,"569,095",1.00,-,2021
20220322000927,Y,00145190,유화증권,종류주식,윤보현,조카,"1,004,120",5.75,"1,004,120",5.75,-,2021
20220322000927,Y,00145190,유화증권,보통주,윤혜선,자녀,"687,625",1.21,"687,625",1.21,-,2021
20220322000927,Y,00145190,유화증권,종류주식,윤혜선,자녀,"77,500",0.44,"77,500",0.44,-,2021
20220322000927,Y,00145190,유화증권,보통주,윤승현,자녀,"3,041,375",5.36,"3,041,375",5.36,-,2021
20220322000927,Y,00145190,유화증권,보통주,안지원,처,"1,252,230",2.21,"1,252,230",2.21,-,2021
20220322000927,Y,00145190,유화증권,종류주식,윤승현,자녀,"466,750",2.67,"466,750",2.67,-,2021
20220322000927,Y,00145190,유화증권,보통주,윤서연,자녀,"631,265",1.11,"631,265",1.11,-,2021
20220322000927,Y,00145190,유화증권,종류주식,윤서연,자녀,"50,000",0.29,"50,000",0.29,-,2021
20220322000927,Y,00145190,유화증권,보통주,MyungJoo Yun,형수,"222,055",0.39,"222,055",0.39,-,2021
20220322000927,Y,00145190,유화증권,종류주식,(윤명주),형수,0,0.00,0,0.00,-,2021
20220322000927,Y,00145190,유화증권,보통주,동원통상,특수관계인,"349,550",0.62,"349,550",0.62,-,2021
20220322000927,Y,00145190,유화증권,종류주식,동원통상,특수관계인,"620,120",3.55,"620,120",3.55,-,2021
20220322000927,Y,00145190,유화증권,보통주,성보문화재단,특수관계인,"1,435,120",2.53,"1,435,120",2.53,-,2021
20220322000927,Y,00145190,유화증권,종류주식,성보문화재단,특수관계인,"3,036,405",17.37,"3,036,405",17.37,-,2021
20220322000927,Y,00145190,유화증권,보통주,성보화학,특수관계인,"282,265",0.50,"282,265",0.50,-,2021
20220322000927,Y,00145190,유화증권,종류주식,안지원,처,"380,900",2.18,"380,900",2.18,-,2021
20220322000927,Y,00145190,유화증권,종류주식,성보화학,특수관계인,"523,050",2.99,"523,050",2.99,-,2021
20220322000927,Y,00145190,유화증권,보통주,사회복지법인 여송,특수관계인,"765,950",1.35,"765,950",1.35,-,2021
20220322000927,Y,00145190,유화증권,종류주식,사회복지법인 여송,특수관계인,"750,000",4.29,"750,000",4.29,-,2021
20220322000927,Y,00145190,유화증권,보통주,성보실업,특수관계인,0,0.00,0,0.00,-,2021
20220322000927,Y,00145190,유화증권,종류주식,성보실업,특수관계인,"139,000",0.80,"139,000",0.80,-,2021
20220322000927,Y,00145190,유화증권,보통주,성보장학회,특수관계인,0,0.00,0,0.00,-,2021
20220322000927,Y,00145190,유화증권,종류주식,성보장학회,특수관계인,"180,000",1.03,"180,000",1.03,-,2021
20220322000927,Y,00145190,유화증권,보통주,성보학원,특수관계인,0,0.00,0,0.00,-,2021
20220322000927,Y,00145190,유화증권,종류주식,성보학원,특수관계인,"425,000",2.43,"495,000",2.83,상속,2021
20220322000927,Y,00145190,유화증권,보통주,박정윤,모,"356,250",0.63,0,0.00,피상속,2021
20220322000927,Y,00145190,유화증권,종류주식,박정윤,모,"86,500",0.49,0,0.00,피상속,2021
20220322000927,Y,00145190,유화증권,보통주,김정숙,형수,"601,155",1.06,"601,155",1.06,-,2021
20220322000927,Y,00145190,유화증권,종류주식,김정숙,형수,"116,850",0.67,"116,850",0.67,-,2021
20220322000927,Y,00145190,유화증권,보통주,윤재동,형,"2,046,080",3.61,"2,135,142",3.77,상속,2021
20220322000927,Y,00145190,유화증권,보통주,계,,"27,171,815",47.91,"27,171,815",47.90,-,2021
20220322000927,Y,00145190,유화증권,종류주식,계,,"11,342,440",64.90,"11,342,440",64.90,-,2021
20230323001499,Y,00145190,유화증권,보통주,윤경립,본인,"12,542,722",22.12,"12,542,722",22.12,-,2022
20230323001499,Y,00145190,유화증권,종류주식,(윤 지 영),조카,"373,105",2.13,"373,105",2.13,-,2022
20230323001499,Y,00145190,유화증권,보통주,YunJanice,조카,"227,295",0.40,"227,295",0.40,-,2022
20230323001499,Y,00145190,유화증권,종류주식,(윤 지 현),조카,"380,830",2.18,"380,830",2.18,-,2022
20230323001499,Y,00145190,유화증권,보통주,YunGrace,조카,"227,295",0.40,"227,295",0.40,-,2022
20230323001499,Y,00145190,유화증권,종류주식,(윤 경 희),조카,"374,470",2.14,"374,470",2.14,-,2022
20230323001499,Y,00145190,유화증권,보통주,윤재륜,형,"1,515,057",2.67,"1,515,057",2.67,-,2022
20230323001499,Y,00145190,유화증권,종류주식,윤재륜,형,"1,126,235",6.44,"1,126,235",6.44,-,2022
20230323001499,Y,00145190,유화증권,보통주,오윤선,형수,"364,190",0.64,"364,190",0.64,-,2022
20230323001499,Y,00145190,유화증권,종류주식,오윤선,형수,250,0.00,250,0.00,-,2022
20230323001499,Y,00145190,유화증권,보통주,윤정선,조카,"47,542",0.08,"47,542",0.08,-,2022
20230323001499,Y,00145190,유화증권,종류주식,윤경립,본인,"539,625",3.09,"539,625",3.09,-,2022
20230323001499,Y,00145190,유화증권,종류주식,윤정선,조카,"10,813",0.06,"10,813",0.06,-,2022
20230323001499,Y,00145190,유화증권,보통주,윤영선,조카,"47,542",0.08,"47,542",0.08,-,2022
20230323001499,Y,00145190,유화증권,종류주식,윤영선,조카,"127,662",0.73,"127,662",0.73,-,2022
20230323001499,Y,00145190,유화증권,보통주,윤보현,조카,"569,095",1.00,"569,095",1.00,-,2022
20230323001499,Y,00145190,유화증권,종류주식,윤보현,조카,"1,004,120",5.75,"1,004,120",5.75,-,2022
20230323001499,Y,00145190,유화증권,보통주,윤혜선,자녀,"687,625",1.21,"687,625",1.21,-,2022
20230323001499,Y,00145190,유화증권,종류주식,윤혜선,자녀,"77,500",0.44,"77,500",0.44,-,2022
20230323001499,Y,00145190,유화증권,보통주,윤승현,자녀,"3,041,375",5.36,"3,041,375",5.36,-,2022
20230323001499,Y,00145190,유화증권,종류주식,윤승현,자녀,"466,750",2.67,"466,750",2.67,-,2022
20230323001499,Y,00145190,유화증권,보통주,윤서연,자녀,"631,265",1.11,"631,265",1.11,-,2022
20230323001499,Y,00145190,유화증권,보통주,안지원,처,"1,252,230",2.21,"1,252,230",2.21,-,2022
20230323001499,Y,00145190,유화증권,종류주식,윤서연,자녀,"50,000",0.29,"50,000",0.29,-,2022
20230323001499,Y,00145190,유화증권,보통주,MyungJoo Yun,형수,"222,055",0.39,"222,055",0.39,-,2022
20230323001499,Y,00145190,유화증권,종류주식,(윤명주),형수,0,0.00,0,0.00,-,2022
20230323001499,Y,00145190,유화증권,보통주,동원통상,특수관계인,"349,550",0.62,"349,550",0.62,-,2022
20230323001499,Y,00145190,유화증권,종류주식,동원통상,특수관계인,"620,120",3.55,"563,448",3.22,장내매도,2022
20230323001499,Y,00145190,유화증권,보통주,성보문화재단,특수관계인,"1,435,120",2.53,"1,435,120",2.53,-,2022
20230323001499,Y,00145190,유화증권,종류주식,성보문화재단,특수관계인,"3,036,405",17.37,"3,036,405",17.37,-,2022
20230323001499,Y,00145190,유화증권,보통주,성보화학,특수관계인,"282,265",0.50,"282,265",0.50,-,2022
20230323001499,Y,00145190,유화증권,종류주식,성보화학,특수관계인,"523,050",2.99,"523,050",2.99,-,2022
20230323001499,Y,00145190,유화증권,보통주,사회복지법인 여송,특수관계인,"765,950",1.35,"765,950",1.35,-,2022
20230323001499,Y,00145190,유화증권,종류주식,안지원,처,"380,900",2.18,"380,900",2.18,-,2022
20230323001499,Y,00145190,유화증권,종류주식,사회복지법인 여송,특수관계인,"750,000",4.29,"750,000",4.29,-,2022
20230323001499,Y,00145190,유화증권,보통주,성보실업,특수관계인,0,0.00,0,0.00,-,2022
20230323001499,Y,00145190,유화증권,종류주식,성보실업,특수관계인,"139,000",0.80,"139,000",0.80,-,2022
20230323001499,Y,00145190,유화증권,보통주,성보장학회,특수관계인,0,0.00,0,0.00,-,2022
20230323001499,Y,00145190,유화증권,종류주식,성보장학회,특수관계인,"180,000",1.03,"180,000",1.03,-,2022
20230323001499,Y,00145190,유화증권,보통주,성보학원,특수관계인,0,0.00,0,0.00,-,2022
20230323001499,Y,00145190,유화증권,종류주식,성보학원,특수관계인,"495,000",2.83,"495,000",2.83,-,2022
20230323001499,Y,00145190,유화증권,보통주,김정숙,형수,"601,155",1.06,"601,155",1.06,-,2022
20230323001499,Y,00145190,유화증권,종류주식,김정숙,형수,"116,850",0.67,"116,850",0.67,-,2022
20230323001499,Y,00145190,유화증권,보통주,윤재동,형,"2,135,142",3.77,"2,135,142",3.77,-,2022
20230323001499,Y,00145190,유화증권,종류주식,윤재동,형,"569,755",3.26,"569,755",3.26,-,2022
20230323001499,Y,00145190,유화증권,보통주,YunClaire,조카,"227,345",0.40,"227,345",0.40,-,2022
20230323001499,Y,00145190,유화증권,보통주,계,,"27,171,815",47.90,"27,171,815",47.90,-,2022
20230323001499,Y,00145190,유화증권,종류주식,계,,"11,342,440",64.90,"11,285,768",64.58,-,2022
20210318000752,Y,00123772,부국증권,보통주,김중건,본인,"1,266,962",12.22,"1,266,962",12.22,-,2020
20210318000752,Y,00123772,부국증권,우선주,김중건,본인,"198,750",6.63,"198,750",6.63,-,2020
20210318000752,Y,00123772,부국증권,보통주,김중광,친인척,"1,222,218",11.79,"1,222,218",11.79,-,2020
20210318000752,Y,00123772,부국증권,우선주,김중광,친인척,"141,250",4.71,"141,250",4.71,-,2020
20210318000752,Y,00123772,부국증권,보통주,김상윤,친인척,"99,000",0.95,"167,536",1.62,-,2020
20210318000752,Y,00123772,부국증권,보통주,김도윤,친인척,"64,000",0.62,"113,270",1.09,-,2020
20210318000752,Y,00123772,부국증권,보통주,김정연,친인척,"62,300",0.60,"78,948",0.76,-,2020
20210318000752,Y,00123772,부국증권,보통주,김정진,친인척,"61,000",0.59,"83,017",0.80,-,2020
20210318000752,Y,00123772,부국증권,보통주,"학교법인
명지학원",법인,"11,479",0.11,"5,939",0.06,-,2020
20210318000752,Y,00123772,부국증권,보통주,계,,"2,786,959",26.88,"2,937,890",28.33,-,2020
20210318000752,Y,00123772,부국증권,우선주,계,,"340,000",11.33,"340,000",11.33,-,2020
20220317000866,Y,00123772,부국증권,보통주,김중건,본인,"1,266,962",12.22,"1,266,962",12.22,-,2021
20220317000866,Y,00123772,부국증권,우선주,김중건,본인,"198,750",6.63,"198,750",6.63,-,2021
20220317000866,Y,00123772,부국증권,보통주,김중광,친인척,"1,222,218",11.79,"1,222,218",11.79,-,2021
20220317000866,Y,00123772,부국증권,우선주,김중광,친인척,"141,250",4.71,"141,250",4.71,-,2021
20220317000866,Y,00123772,부국증권,보통주,김상윤,친인척,"167,536",1.62,"174,536",1.68,-,2021
20220317000866,Y,00123772,부국증권,보통주,김도윤,친인척,"113,270",1.09,"113,270",1.09,-,2021
20220317000866,Y,00123772,부국증권,보통주,김정연,친인척,"78,948",0.76,"80,588",0.78,-,2021
20220317000866,Y,00123772,부국증권,보통주,김정진,친인척,"83,017",0.80,"84,817",0.82,-,2021
20220317000866,Y,00123772,부국증권,보통주,학교법인명지학원,법인,"5,939",0.06,"5,939",0.06,-,2021
20220317000866,Y,00123772,부국증권,보통주,계,,"2,937,890",28.33,"2,948,330",28.43,-,2021
20220317000866,Y,00123772,부국증권,우선주,계,,"340,000",11.33,"340,000",11.33,-,2021
20230328000107,Y,00123772,부국증권,보통주,김중건,본인,"1,266,962",12.22,"1,266,962",12.22,-,2022
20230328000107,Y,00123772,부국증권,우선주,김중건,본인,"198,750",6.63,"198,750",6.63,-,2022
20230328000107,Y,00123772,부국증권,보통주,김중광,친인척,"1,222,218",11.79,"1,222,218",11.79,-,2022
20230328000107,Y,00123772,부국증권,우선주,김중광,친인척,"141,250",4.71,"141,250",4.71,-,2022
20230328000107,Y,00123772,부국증권,보통주,김상윤,친인척,"174,536",1.68,"174,536",1.68,-,2022
20230328000107,Y,00123772,부국증권,보통주,김도윤,친인척,"113,270",1.09,"113,270",1.09,-,2022
20230328000107,Y,00123772,부국증권,보통주,김정연,친인척,"80,588",0.78,"85,898",0.83,장내매매,2022
20230328000107,Y,00123772,부국증권,보통주,김정진,친인척,"84,817",0.82,"89,817",0.87,장내매매,2022
20230328000107,Y,00123772,부국증권,보통주,학교법인명지학원,법인,"5,939",0.06,"5,939",0.06,-,2022
20230328000107,Y,00123772,부국증권,보통주,계,,"2,948,330",28.43,"2,958,640",28.53,-,2022
20230328000107,Y,00123772,부국증권,우선주,계,,"340,000",11.33,"340,000",11.33,-,2022
20200629000357,Y,00136721,신영증권,보통주,원국희,본인,"1,523,340",16.23,"1,523,340",16.23,-,2020
20200629000357,Y,00136721,신영증권,보통주,신성용,친인척,763,0.01,"1,703",0.02,수증,2020
20200629000357,Y,00136721,신영증권,우선주,신성용,친인척,"6,560",0.09,"12,960",0.18,수증,2020
20200629000357,Y,00136721,신영증권,보통주,신승용,친인척,763,0.01,763,0.01,-,2020
20200629000357,Y,00136721,신영증권,우선주,신승용,친인척,"8,380",0.12,"8,380",0.12,-,2020
20200629000357,Y,00136721,신영증권,보통주,신상용,친인척,764,0.01,764,0.01,-,2020
20200629000357,Y,00136721,신영증권,우선주,신상용,친인척,"6,560",0.09,"6,560",0.09,-,2020
20200629000357,Y,00136721,신영증권,우선주,"AHN 
  JAE JOON",친인척,"10,000",0.14,"10,000",0.14,-,2020
20200629000357,Y,00136721,신영증권,보통주,원재연,친인척,"1,766",0.02,"1,766",0.02,-,2020
20200629000357,Y,00136721,신영증권,우선주,원재연,친인척,960,0.01,"1,137",0.02,장내매수,2020
20200629000357,Y,00136721,신영증권,보통주,원정연,친인척,"1,440",0.02,"1,440",0.02,-,2020
20200629000357,Y,00136721,신영증권,우선주,원국희,본인,"190,470",2.70,"190,470",2.70,-,2020
20200629000357,Y,00136721,신영증권,우선주,원정연,친인척,978,0.01,"2,634",0.04,장내매수,2020
20200629000357,Y,00136721,신영증권,우선주,"LEE
   SEUNGHYUN",친인척,"3,550",0.05,"3,550",0.05,-,2020
20200629000357,Y,00136721,신영증권,보통주,강혜리,친인척,940,0.01,940,0.01,-,2020
20200629000357,Y,00136721,신영증권,우선주,강혜리,친인척,"6,400",0.09,"6,400",0.09,-,2020
20200629000357,Y,00136721,신영증권,보통주,권보은,친인척,"2,310",0.02,"2,310",0.02,-,2020
20200629000357,Y,00136721,신영증권,우선주,권보은,친인척,"6,760",0.10,"6,760",0.10,-,2020
20200629000357,Y,00136721,신영증권,보통주,오미나,친인척,940,0.01,0,0.00,증여,2020
20200629000357,Y,00136721,신영증권,우선주,오미나,친인척,"6,400",0.09,0,0.00,증여,2020
20200629000357,Y,00136721,신영증권,보통주,이병준,친인척,122,0.00,127,0.00,장내매수,2020
20200629000357,Y,00136721,신영증권,보통주,신요환,임원,"3,014",0.03,"4,933",0.05,(주1),2020
20200629000357,Y,00136721,신영증권,보통주,민숙기,친인척,"68,950",0.73,"68,950",0.73,-,2020
20200629000357,Y,00136721,신영증권,우선주,신요환,임원,1,0.00,1,0.00,-,2020
20200629000357,Y,00136721,신영증권,보통주,권정수,계열사임원,"1,750",0.02,"1,750",0.02,-,2020
20200629000357,Y,00136721,신영증권,우선주,민숙기,친인척,"102,860",1.46,"102,860",1.46,-,2020
20200629000357,Y,00136721,신영증권,보통주,원종석,친인척,"795,036",8.47,"848,318",9.04,"장내매수/
(주1)",2020
20200629000357,Y,00136721,신영증권,우선주,원종석,친인척,"282,634",4.01,"298,623",4.23,장내매수,2020
20200629000357,Y,00136721,신영증권,보통주,원주영,친인척,"16,509",0.18,"16,509",0.18,-,2020
20200629000357,Y,00136721,신영증권,우선주,원주영,친인척,"61,262",0.87,"61,262",0.87,-,2020
20200629000357,Y,00136721,신영증권,우선주,"Connie
  Hyesook Lee",친인척,"61,262",0.87,"61,262",0.87,-,2020
20200629000357,Y,00136721,신영증권,보통주,계,,"2,418,407",25.77,"2,473,613",26.35,-,2020
20200629000357,Y,00136721,신영증권,우선주,계,,"755,037",10.70,"772,859",10.96,-,2020
20210616000296,Y,00136721,신영증권,보통주,원국희,본인,"1,523,340",16.23,"1,523,340",16.23,-,2021
20210616000296,Y,00136721,신영증권,보통주,신성용,친인척,"1,703",0.02,"1,703",0.02,-,2021
20210616000296,Y,00136721,신영증권,우선주,신성용,친인척,"12,960",0.18,"12,960",0.18,-,2021
20210616000296,Y,00136721,신영증권,보통주,신승용,친인척,763,0.01,763,0.01,-,2021
20210616000296,Y,00136721,신영증권,우선주,신승용,친인척,"8,380",0.12,"8,380",0.12,-,2021
20210616000296,Y,00136721,신영증권,보통주,신상용,친인척,764,0.01,764,0.01,-,2021
20210616000296,Y,00136721,신영증권,우선주,신상용,친인척,"6,560",0.09,"6,560",0.09,-,2021
20210616000296,Y,00136721,신영증권,우선주,"AHN 
  JAE JOON",친인척,"10,000",0.14,"10,000",0.14,-,2021
20210616000296,Y,00136721,신영증권,보통주,원재연,친인척,"1,766",0.02,"1,766",0.02,-,2021
20210616000296,Y,00136721,신영증권,우선주,원재연,친인척,"1,137",0.02,"1,137",0.02,-,2021
20210616000296,Y,00136721,신영증권,보통주,원정연,친인척,"1,440",0.02,"1,440",0.02,-,2021
20210616000296,Y,00136721,신영증권,우선주,원국희,본인,"190,470",2.70,"190,470",2.70,-,2021
20210616000296,Y,00136721,신영증권,우선주,원정연,친인척,"2,634",0.04,"2,634",0.04,-,2021
20210616000296,Y,00136721,신영증권,우선주,"LEE
   SEUNGHYUN",친인척,"3,550",0.05,"3,550",0.05,-,2021
20210616000296,Y,00136721,신영증권,보통주,강혜리,친인척,940,0.01,940,0.01,-,2021
20210616000296,Y,00136721,신영증권,우선주,강혜리,친인척,"6,400",0.09,"6,400",0.09,-,2021
20210616000296,Y,00136721,신영증권,보통주,권보은,친인척,"2,310",0.02,"2,310",0.02,-,2021
20210616000296,Y,00136721,신영증권,우선주,권보은,친인척,"6,760",0.10,"6,760",0.10,-,2021
20210616000296,Y,00136721,신영증권,보통주,이병준,친인척,127,0.00,127,0.00,-,2021
20210616000296,Y,00136721,신영증권,보통주,신요환,임원,"4,933",0.05,0,0.00,주1),2021
20210616000296,Y,00136721,신영증권,우선주,신요환,임원,1,0.00,0,0.00,주1),2021
20210616000296,Y,00136721,신영증권,보통주,권정수,계열사임원,"1,750",0.02,"1,750",0.02,-,2021
20210616000296,Y,00136721,신영증권,보통주,민숙기,친인척,"68,950",0.73,"68,950",0.73,-,2021
20210616000296,Y,00136721,신영증권,보통주,황성엽,임원,0,0.00,"16,000",0.17,주2)/장내매수,2021
20210616000296,Y,00136721,신영증권,우선주,황성엽,임원,0,0.00,265,0.00,주2),2021
20210616000296,Y,00136721,신영증권,우선주,민숙기,친인척,"102,860",1.46,"102,860",1.46,-,2021
20210616000296,Y,00136721,신영증권,보통주,원종석,친인척,"848,318",9.04,"901,785",9.61,장내매수/주3),2021
20210616000296,Y,00136721,신영증권,우선주,원종석,친인척,"298,623",4.23,"298,623",4.23,-,2021
20210616000296,Y,00136721,신영증권,보통주,원주영,친인척,"16,509",0.18,"16,509",0.18,-,2021
20210616000296,Y,00136721,신영증권,우선주,원주영,친인척,"61,262",0.87,"61,262",0.87,-,2021
20210616000296,Y,00136721,신영증권,우선주,"Connie
  Hyesook Lee",친인척,"61,262",0.87,"61,262",0.87,-,2021
20210616000296,Y,00136721,신영증권,보통주,계,,"2,473,613",26.35,"2,538,147",27.04,-,2021
20210616000296,Y,00136721,신영증권,우선주,계,,"772,859",10.96,"773,123",10.96,-,2021
20220615000399,Y,00136721,신영증권,보통주,원국희,본인,"1,523,340",16.23,"1,523,340",16.23,-,2022
20220615000399,Y,00136721,신영증권,보통주,신성용,친인척,"1,703",0.02,"1,703",0.02,-,2022
20220615000399,Y,00136721,신영증권,우선주,신성용,친인척,"12,960",0.18,"12,960",0.18,-,2022
20220615000399,Y,00136721,신영증권,보통주,신승용,친인척,763,0.01,763,0.01,-,2022
20220615000399,Y,00136721,신영증권,우선주,신승용,친인척,"8,380",0.12,"8,380",0.12,-,2022
20220615000399,Y,00136721,신영증권,보통주,신상용,친인척,764,0.01,764,0.01,-,2022
20220615000399,Y,00136721,신영증권,우선주,신상용,친인척,"6,560",0.09,"6,560",0.09,-,2022
20220615000399,Y,00136721,신영증권,우선주," AHN 
  JAEJOON",친인척,"10,000",0.14,"21,500",0.30,상속,2022
20220615000399,Y,00136721,신영증권,보통주,원재연,친인척,"1,766",0.02,"1,766",0.02,-,2022
20220615000399,Y,00136721,신영증권,우선주,원재연,친인척,"1,137",0.02,"1,137",0.02,-,2022
20220615000399,Y,00136721,신영증권,보통주,원정연,친인척,"1,440",0.02,"1,440",0.02,-,2022
20220615000399,Y,00136721,신영증권,우선주,원국희,본인,"190,470",2.70,"190,470",2.70,-,2022
20220615000399,Y,00136721,신영증권,우선주,원정연,친인척,"2,634",0.04,"2,634",0.04,-,2022
20220615000399,Y,00136721,신영증권,우선주,"LEE
   SEUNGHYUN",친인척,"3,550",0.05,"3,550",0.05,-,2022
20220615000399,Y,00136721,신영증권,보통주,강혜리,친인척,940,0.01,940,0.01,-,2022
20220615000399,Y,00136721,신영증권,우선주,강혜리,친인척,"6,400",0.09,"6,400",0.09,-,2022
20220615000399,Y,00136721,신영증권,보통주,권보은,친인척,"2,310",0.02,"2,310",0.02,-,2022
20220615000399,Y,00136721,신영증권,우선주,권보은,친인척,"6,760",0.10,"6,760",0.10,-,2022
20220615000399,Y,00136721,신영증권,보통주,이병준,친인척,127,0.00,127,0.00,-,2022
20220615000399,Y,00136721,신영증권,보통주,권정수,계열사임원,"1,750",0.02,0,0.00,주1),2022
20220615000399,Y,00136721,신영증권,보통주,황성엽,임원,"16,000",0.17,"17,327",0.18,장내매매/주2),2022
20220615000399,Y,00136721,신영증권,우선주,황성엽,임원,265,0.00,265,0.00,-,2022
20220615000399,Y,00136721,신영증권,보통주,민숙기,친인척,"68,950",0.73,"68,950",0.73,-,2022
20220615000399,Y,00136721,신영증권,우선주,민숙기,친인척,"102,860",1.46,"102,860",1.46,-,2022
20220615000399,Y,00136721,신영증권,보통주,원종석,친인척,"901,785",9.61,"916,137",9.76,장내매매/주2),2022
20220615000399,Y,00136721,신영증권,우선주,원종석,친인척,"298,623",4.23,"298,623",4.23,-,2022
20220615000399,Y,00136721,신영증권,보통주,원주영,친인척,"16,509",0.18,"16,509",0.18,-,2022
20220615000399,Y,00136721,신영증권,우선주,원주영,친인척,"61,262",0.87,"61,262",0.87,-,2022
20220615000399,Y,00136721,신영증권,우선주,"Connie
  Hyesook Lee",친인척,"61,262",0.87,"61,262",0.87,-,2022
20220615000399,Y,00136721,신영증권,보통주,계,,"2,538,147",27.04,"2,552,076",27.19,-,2022
20220615000399,Y,00136721,신영증권,우선주,계,,"773,123",10.96,"784,623",11.12,-,2022
20200629000379,K,00304915,코리아에셋투자증권,보통주,케이앤케이드림파트너스사모투자전문회사,최대주주,"4,140,000",87.34,"4,140,000",64.81,-,2020
20200629000379,K,00304915,코리아에셋투자증권,보통주,기수경,최대주주,"136,000",2.87,"139,500",2.18,장내매수,2020
20200629000379,K,00304915,코리아에셋투자증권,보통주,기민경,최대주주,"114,000",2.41,"114,000",1.78,-,2020
20200629000379,K,00304915,코리아에셋투자증권,보통주,김홍관,특수관계인,"45,000",0.95,"45,000",0.70,-,2020
20200629000379,K,00304915,코리아에셋투자증권,보통주,이동원,특수관계인,"22,000",0.46,"22,000",0.34,-,2020
20200629000379,K,00304915,코리아에셋투자증권,보통주,김종호,특수관계인,"22,000",0.46,"22,000",0.34,-,2020
20200629000379,K,00304915,코리아에셋투자증권,보통주,도태호,특수관계인,"16,000",0.34,"16,000",0.25,-,2020
20200629000379,K,00304915,코리아에셋투자증권,보통주,계,,"4,495,000",94.83,"4,498,500",70.40,-,2020
20200629000379,K,00304915,코리아에셋투자증권,우선주,계,,-,-,-,-,-,2020
20210622000164,K,00304915,코리아에셋투자증권,보통주,케이앤케이드림파트너스사모투자전문회사,-,"4,140,000",64.81,0,0.00,GP지분 현물 분배,2021
20210622000164,K,00304915,코리아에셋투자증권,보통주,김정호,특수관계인,0,0.00,"8,000",0.13,등기임원 선임,2021
20210622000164,K,00304915,코리아에셋투자증권,보통주,더케이파트너스 유한회사,최대주주,0,0.00,"2,918,266",45.68,최대주주변경,2021
20210622000164,K,00304915,코리아에셋투자증권,보통주,기수경,-,"139,500",2.18,0,0.00,현물출자,2021
20210622000164,K,00304915,코리아에셋투자증권,보통주,기민경,-,"114,000",1.78,0,0.00,현물출자,2021
20210622000164,K,00304915,코리아에셋투자증권,보통주,수민인베스트먼트 유한책임회사,최대주주,0,0.00,"253,500",3.97,최대주주변경,2021
20210622000164,K,00304915,코리아에셋투자증권,보통주,김홍관,특수관계인,"45,000",0.70,"45,000",0.70,-,2021
20210622000164,K,00304915,코리아에셋투자증권,보통주,이동원,특수관계인,"22,000",0.34,"22,000",0.34,-,2021
20210622000164,K,00304915,코리아에셋투자증권,보통주,김종호,-,"22,000",0.34,0,0.00,최대주주 임원 임기만료,2021
20210622000164,K,00304915,코리아에셋투자증권,보통주,도태호,특수관계인,"16,000",0.25,"16,000",0.25,-,2021
20210622000164,K,00304915,코리아에셋투자증권,보통주,계,,"4,498,500",70.42,"3,262,766",51.07,-,2021
20210622000164,K,00304915,코리아에셋투자증권,우선주,계,,-,-,-,-,-,2021
20220622000380,K,00304915,코리아에셋투자증권,보통주,더케이파트너스 유한회사,최대주주,"2,918,266",45.68,"2,918,266",45.68,-,2022
20220622000380,K,00304915,코리아에셋투자증권,보통주,수민인베스트먼트 유한책임회사,최대주주,"253,500",3.97,"279,915",4.38,-,2022
20220622000380,K,00304915,코리아에셋투자증권,보통주,김홍관,특수관계인,"45,000",0.70,"45,000",0.70,사내이사,2022
20220622000380,K,00304915,코리아에셋투자증권,보통주,이동원,특수관계인,"22,000",0.34,0,0.00,최대주주 대표이사,2022
20220622000380,K,00304915,코리아에셋투자증권,보통주,도태호,특수관계인,"16,000",0.25,"16,000",0.25,사내이사,2022
20220622000380,K,00304915,코리아에셋투자증권,보통주,김정호,특수관계인,"8,000",0.13,"8,000",0.13,사내이사,2022
20220622000380,K,00304915,코리아에셋투자증권,보통주,계,,"3,262,766",51.07,"3,267,181",51.15,-,2022
20220622000380,K,00304915,코리아에셋투자증권,우선주,계,,-,-,-,-,-,2022
20210319001225,Y,00112059,상상인증권,보통주,(주)상상인,본인,"40,424,357",42.06,"40,424,357",42.06,최대주주,2020
20210319001225,Y,00112059,상상인증권,보통주,(주)제이원와이드,기타특수관계인,"26,200,873",27.26,"26,200,873",27.26,기타특수관계인,2020
20210319001225,Y,00112059,상상인증권,보통주,이정수,발행회사임원,0,0.00,"20,000",0.02,임원선임,2020
20210319001225,Y,00112059,상상인증권,보통주,계,,"66,625,230",69.32,"66,645,230",69.34,-,2020
20210319001225,Y,00112059,상상인증권,우선주,계,,-,-,-,-,-,2020
20220321001270,Y,00112059,상상인증권,보통주,(주)상상인,본인,"40,424,357",42.06,"50,556,515",51.85,최대주주,2021
20220321001270,Y,00112059,상상인증권,보통주,(주)제이원와이드,기타특수관계인,"26,200,873",27.26,"9,657,053",9.90,기타특수관계인,2021
20220321001270,Y,00112059,상상인증권,보통주,이정수,발행회사임원,"20,000",0.02,"64,000",0.07,발행회사임원,2021
20220321001270,Y,00112059,상상인증권,보통주,황원경,발행회사임원,0,0.00,"36,926",0.04,발행회사임원,2021
20220321001270,Y,00112059,상상인증권,보통주,이민식,계열사임원,0,0.00,"16,000",0.02,-,2021
20220321001270,Y,00112059,상상인증권,보통주,제갈태호,계열사임원,0,0.00,"174,672",0.18,-,2021
20220321001270,Y,00112059,상상인증권,보통주,김동원,계열사임원,0,0.00,"436,681",0.44,-,2021
20220321001270,Y,00112059,상상인증권,보통주,계,,"66,645,230",69.34,"60,941,847",62.50,-,2021
20220321001270,Y,00112059,상상인증권,우선주,계,,-,-,-,-,-,2021
20230321001175,Y,00112059,상상인증권,보통주,(주)상상인,본인,"50,556,515",51.85,"60,506,763",55.85,최대주주,2022
20230321001175,Y,00112059,상상인증권,보통주,(주)제이원와이드,기타특수관계인,"9,657,053",9.90,"4,131,860",3.81,-,2022
20230321001175,Y,00112059,상상인증권,보통주,유준원,계열사임원,0,0.00,"5,525,193",5.10,-,2022
20230321001175,Y,00112059,상상인증권,보통주,이정수,발행회사임원,"64,000",0.07,"64,000",0.06,-,2022
20230321001175,Y,00112059,상상인증권,보통주,황원경,발행회사임원,"36,926",0.04,"36,926",0.03,-,2022
20230321001175,Y,00112059,상상인증권,보통주,이민식,계열사임원,"16,000",0.02,"16,000",0.01,-,2022
20230321001175,Y,00112059,상상인증권,보통주,제갈태호,계열사임원,"174,672",0.18,"174,672",0.16,-,2022
20230321001175,Y,00112059,상상인증권,보통주,김동원,계열사임원,"436,681",0.45,"436,681",0.40,-,2022
20230321001175,Y,00112059,상상인증권,보통주,계,,"60,941,847",62.51,"70,892,095",65.44,-,2022
20230321001175,Y,00112059,상상인증권,우선주,계,,-,-,-,-,-,2022
20210325000836,Y,00296290,키움증권,보통주,(주)다우기술,최대주주,"10,542,003",47.70,"10,799,540",44.94,-,2020
20210325000836,Y,00296290,키움증권,보통주,윤수영,특수관계인,"6,048",0.03,0,0.00,임원퇴임,2020
20210325000836,Y,00296290,키움증권,보통주,황현순,특수관계인,0,0.00,"5,677",0.02,신규선임,2020
20210325000836,Y,00296290,키움증권,보통주,임경호,특수관계인,400,0.00,400,0.00,-,2020
20210325000836,Y,00296290,키움증권,보통주,최창민,특수관계인,875,0.00,875,0.00,-,2020
20210325000836,Y,00296290,키움증권,보통주,이진혁,특수관계인,0,0.00,"1,250",0.01,신규선임,2020
20210325000836,Y,00296290,키움증권,보통주,이진환,특수관계인,0,0.00,305,0.00,-,2020
20210325000836,Y,00296290,키움증권,보통주,계,,"10,549,326",47.73,"10,808,047",44.97,-,2020
20210325000836,Y,00296290,키움증권,우선주,계,,-,-,-,-,-,2020
20220324000600,Y,00296290,키움증권,의결권 있는 주식,(주)다우기술,최대주주,"10,799,540",44.94,"10,799,540",41.19,-,2021
20220324000600,Y,00296290,키움증권,의결권 없는 주식,(주)다우기술,최대주주,0,0.00,"332,409",11.76,(주2),2021
20220324000600,Y,00296290,키움증권,의결권 있는 주식,한국정보인증(주),계열회사,0,0.00,"27,532",0.11,-,2021
20220324000600,Y,00296290,키움증권,의결권 있는 주식,황현순,발행회사 임원,"5,677",0.02,"5,677",0.02,-,2021
20220324000600,Y,00296290,키움증권,의결권 있는 주식,임경호,계열회사 임원,400,0.00,400,0.00,-,2021
20220324000600,Y,00296290,키움증권,의결권 있는 주식,최창민,계열회사 임원,875,0.00,875,0.00,-,2021
20220324000600,Y,00296290,키움증권,의결권 있는 주식,이진혁,계열회사 임원,"1,250",0.00,"1,250",0.00,-,2021
20220324000600,Y,00296290,키움증권,의결권 있는 주식,이진환,계열회사 임원,305,0.00,305,0.00,-,2021
20220324000600,Y,00296290,키움증권,의결권 있는 주식,안동원,계열회사 임원,0,0.00,"1,000",0.00,신규선임,2021
20220324000600,Y,00296290,키움증권,의결권 있는 주식,계,,"10,808,047",44.98,"10,836,579",41.33,-,2021
20220324000600,Y,00296290,키움증권,의결권 없는 주식,계,,0,0.00,"332,409",11.76,-,2021
20230320001037,Y,00296290,키움증권,의결권 있는 주식,(주)다우기술,최대주주,"10,799,540",41.19,"10,801,594",41.20,-,2022
20230320001037,Y,00296290,키움증권,의결권 없는 주식,(주)다우기술,최대주주,"332,409",11.76,"332,409",11.76,-,2022
20230320001037,Y,00296290,키움증권,의결권 있는 주식,한국정보인증(주),계열회사,"27,532",0.11,"39,590",0.15,-,2022
20230320001037,Y,00296290,키움증권,의결권 있는 주식,황현순,발행회사 임원,"5,677",0.02,"5,677",0.02,-,2022
20230320001037,Y,00296290,키움증권,의결권 있는 주식,임경호,계열회사 임원,400,0.00,400,0.00,-,2022
20230320001037,Y,00296290,키움증권,의결권 있는 주식,최창민,계열회사 임원,875,0.00,875,0.00,-,2022
20230320001037,Y,00296290,키움증권,의결권 있는 주식,이진혁,계열회사 임원,"1,250",0.00,"1,250",0.00,-,2022
20230320001037,Y,00296290,키움증권,의결권 있는 주식,이진환,계열회사 임원,305,0.00,305,0.00,-,2022
20230320001037,Y,00296290,키움증권,의결권 있는 주식,안동원,계열회사 임원,"1,000",0.00,"1,000",0.00,-,2022
20230320001037,Y,00296290,키움증권,의결권 있는 주식,계,,"10,836,579",41.33,"10,850,691",41.38,-,2022
20230320001037,Y,00296290,키움증권,의결권 없는 주식,계,,"332,409",11.76,"332,409",11.76,-,2022
